country,year,life_expectancy,pollution,income_inequality,wealth_inequality,GDP,GDP_per_capita,GDP_PPP,global_carbon_budget,greenhouse_gas_emissions,child_mortality,renewable_electricity_capacity,GNI,GNI_per_capita,GNI_PPP,inflation,current_account_pct_GDP,R&D_expenditure_pct_GDP,government_expenditure_pct_GDP,education_pct_government_expenditure,health_pct_government_expenditure,government_effectiveness,income_tax,hours_to_file_taxes,rural_living_pct_popoluation,interest_rates,migration,labour_participation,political_stability,trade_transport_quality,forest_area,forest_depletion_pct_GNI,fertility_rate,mental_health,pedestrian_road_injuries,body_mass_index,unsafe_water,bullying_victimisation,environmental_occupational_risks,alcohol_use_disorders,drug_use,literacy_rate,unemployment
Canada,2000,79.2,53.965614,0.52538216,0.734283,744773415931.587,24271.0020563821,900996986801.064,18.90863,23.921143,0.61,69017.914,725237357753.687,22750.0,877363047705.317,2.71943995691972,2.48322832733606,1.85847997665405,19.1064161806335,5.42331981658936,6.00890827,1.84907865524292,126021000000.0,,20.522,2.81345746384497,201617.0,65.76,1.16752684116364,,38.7929818338782,0.0,1.4937,9.11917725,103.76702,1943.6764,9.964348,40.569,1982.2552,1846.8914,565.3859,99.92051,6.83
Canada,2001,79.5,52.703915,0.516006,0.7332109,738962729044.525,23821.4455867378,937786776176.929,18.027382,30.95369,0.62,68746.56,718160708864.203,23110.0,911387800049.817,2.52512013979907,2.13242480189661,2.02116990089417,19.5093203790186,4.95303010940552,6.27900839,,122455000000.0,,20.19,4.08610585057191,224357.0,65.91,,,38.7876307080739,0.0,1.5104,9.11340143,102.37145,1958.6311,9.235836,41.119175,1925.4823,1848.1986,573.9428,,7.22
Canada,2002,79.6,51.677162,0.51672053,0.73279476,760649334098.005,24255.3385818322,971003788233.131,18.601952,31.311138,0.62,71059.164,741406996750.143,23580.0,946440061399.149,2.25839440940856,1.64503032397307,1.97170996665955,19.7787192119877,4.99308013916016,6.41561842,1.86085593700409,116384000000.0,,20.112,2.93294322270599,206028.0,66.86,1.21803176403046,,38.7822795822695,0.0,1.5037,9.08212848,100.64494,1985.6667,8.706645,41.431545,1900.5107,1850.1167,587.183,,7.66
Canada,2003,79.7,51.423298,0.5182721,0.732944,895540646634.787,28300.4630963791,1023682523002.92,18.24811,31.711489,0.61,72676.07,873515809007.209,25480.0,998506176807.967,2.75856321360112,1.16498813828327,1.96781003475189,19.8962017689692,,6.59055662,1.92467999458313,120839000000.0,,20.033,1.38766286473215,182430.0,67.56,1.05307674407959,,38.7769284564652,0.0,1.5246,9.03992947,98.68167,2001.1765,8.306344,41.663242,1863.9349,1852.697,600.0597,,7.57
Canada,2004,80.0,51.145504,0.5228989,0.73451495,1026690238278.25,32143.6814078562,1083609294356.44,18.301275,31.322397,0.61,73223.13,1004566487317.45,29530.0,1060259016664.75,1.85725871857261,2.26315076447856,1.99733996391296,19.4174844503805,,6.62400055,1.90069770812988,131626000000.0,,19.955,0.710526316374926,193282.0,67.49,0.87644749879837,,38.7715773306609,0.0,1.5281,8.99954079,95.34058,1996.4746,7.9595876,41.983746,1830.6517,1856.5918,612.8675,,7.19
Canada,2005,80.1,49.748238,0.52874994,0.7357195,1173108598778.68,36382.5079164537,1171326187910.13,18.903889,31.451225,0.61,74472.03,1149135996038.95,34310.0,1147390008931.78,2.21355203439764,1.86965618692434,1.97126996517181,19.0759109803014,4.76588010787964,6.59905815,1.88245940208435,140467000000.0,119.0,19.878,1.2545998038229,204710.0,67.14,0.828725039958954,,38.7662262048566,0.0,1.5433,8.968384359999998,93.87886,1999.6472,7.5559897,42.38276,1791.8209,1861.2031,633.9827,,6.76
Canada,2006,80.5,48.32063,0.5332416,0.73701334,1319264809590.97,40504.0607253203,1241594039979.59,17.723745,30.80426,0.59,76092.24,1298296897038.08,37900.0,1221860598242.03,2.00202539534156,1.36365624553912,1.94304001331329,19.2487641773811,,6.4866991,1.89211332798004,151477000000.0,119.0,19.787,3.15742351868095,202483.0,67.02,1.03495657444,,38.7608750790522,0.0,1.5878,9.03742301,90.01155,1980.3373,7.442727,43.233482,1763.9458,1865.6165,651.1548,,6.32
Canada,2007,80.5,45.41875,0.5346661,0.7375096,1468820407783.26,44659.8951408034,1301593351698.17,18.261328,31.512857,0.59,77192.92,1447200446885.76,41550.0,1282434850618.64,2.13838399266843,0.752359497275174,1.90357995033264,19.2505356033619,4.7664098739624,6.57310772,1.75481534004211,162310000000.0,119.0,19.604,2.73610587854163,210817.0,67.44,1.00701069831848,3.95,38.7555239532479,0.0,1.6533,9.226243990000002,89.919846,1991.7893,7.324928,44.68876,1741.4576,1869.1195,676.92773,,6.04
Canada,2008,80.7,41.99527,0.5274539,0.73656046,1552989690721.65,46710.5055759013,1342395839240.43,17.592745,30.436918,0.58,78648.39,1530173383317.71,44940.0,1322673547258.16,2.37027067444294,0.204634001322009,1.85578000545502,19.7194394824506,4.62612009048462,6.70162201,1.78248238563538,161614000000.0,119.0,19.422,0.71354594280614,237962.0,67.56,1.0413726568222,,38.7501728274436,0.0,1.6758,9.456692,86.55332,1992.2917,7.0496984,46.336025,1711.0209,1871.8604,700.3282,,6.14
Canada,2009,81.1,38.50683,0.51634884,0.73227,1374625142157.29,40876.3101540295,1307000908301.48,17.136614,29.057045,0.57,79928.39,1350956171813.49,43230.0,1284496325205.2,0.299466803009284,-2.96628242314574,1.9174200296402,21.9645855050549,4.84057998657227,7.52310753,1.74208331108093,148853000000.0,119.0,19.242,4.82138483954554,240878.0,67.09,1.12707591056824,,38.7448217016393,0.0,1.6652,9.65320465,83.53029,1982.6073,6.7256145,47.792984,1665.7013,1875.093,722.9454,,8.34
Canada,2010,81.3,34.68942,0.52287894,0.73418975,1617343367486.26,47562.0834253057,1363577286343.32,17.907896,29.242346,0.57,81194.28,1585379875651.19,44490.0,1336628963349.76,1.77687154092629,-3.59618567149688,1.82527995109558,21.4754574603582,5.356369972229,7.48269749,1.77782678604126,148935000000.0,131.0,19.063,-0.238558167467756,227724.0,66.91,0.936318218708038,4.03,38.7394705758349,0.0,1.6296,9.74015081,80.87188,1979.9481,6.3507953,48.73942,1620.9242,1878.9447,743.72974,,8.06
Canada,2011,81.5,32.429077,0.5246289,0.734845,1793326630174.52,52223.696112356,1430806739876.64,17.555578,24.580801,0.55,83371.87,1759453773319.65,47190.0,1403781260484.68,2.91213508872355,-2.77400602599856,1.78714001178741,21.1458668604215,5.26205015182495,7.31006718,1.77254545688629,162023000000.0,131.0,18.904,-0.22815842323923,228828.0,66.71,1.07717573642731,,38.7348640747569,0.0,1.615,9.75420864,78.43369,1971.2593,6.26688,49.392006,1608.0907,1880.8107,764.06573,,7.51
Canada,2012,81.7,30.598839,0.5204705,0.7337875,1828366481521.6,52669.0899632316,1468097961846.59,16.713634,24.334517,0.55,84538.35,1795919869603.49,51080.0,1442044757903.5,1.51567823124521,-3.53224767688726,1.77232003211975,21.0578451788387,4.69258737564087,7.40953112,1.75697004795074,165331000000.0,131.0,18.863,1.76541083304828,245309.0,66.5,1.11301624774933,3.99,38.7302575736789,0.0,1.6164,9.77433168,77.74264,1987.6627,6.130711,50.208458,1586.2634,1879.5637,791.03516,99.45167,7.29
Canada,2013,81.8,28.792646,0.5290777,0.7352768,1846597421834.98,52635.1749580433,1554125000000.0,16.548939,24.422695,0.56,86765.66,1818471075757.13,52800.0,1530453431372.55,0.93829189781521,-3.14687545091254,1.70539999008179,20.7043347111761,4.5890097618103,7.36776829,1.78125011920929,171886000000.0,131.0,18.822,1.24099043691368,242475.0,66.46,1.06142175197601,,38.7256510726009,0.0,1.593,9.79162393,75.42642,1999.3838,5.9773903,51.065224,1577.8131,1876.4851,816.4457,99.43231,7.07
Canada,2014,81.9,27.592302,0.5307158,0.7362165,1805749878439.94,50955.9983232404,1621395561291.92,15.855965,24.411224,0.54,89508.22,1776572160702.32,52200.0,1595196682591.57,1.90663590717873,-2.31892137730875,1.71416997909546,20.266560128167,4.84358978271484,7.24133968,1.75435316562653,183637000000.0,131.0,18.782,1.03526946611102,195649.0,65.99,1.17550384998322,4.054256,38.7210445715229,0.0,1.5912,9.804334270000002,74.16583,2027.5305,5.884169,51.74181,1583.9901,1873.1359,850.20654,99.39113,6.91
Canada,2015,81.9,26.251558,0.5294287,0.736898,1556508816217.14,43596.1355365546,1594851775821.65,15.22686,24.164814,0.53,95612.125,1532663548013.94,47590.0,1570419104485.27,1.12524136094279,-3.51398716666024,1.69324004650116,20.8778251262785,4.7393798828125,7.59109926,1.73175251483917,192392000000.0,131.0,18.741,3.68401595908269,232738.0,65.84,1.26233685016632,,38.7164380704449,0.0,1.5542,9.80023521,73.89725,2052.312,5.7958775,52.00866,1570.3652,1871.5549,883.54254,99.58907,6.91
Canada,2016,82.0,25.941084,0.5124083,0.73321056,1527994741907.43,42315.6037056806,1678092366067.54,14.502855,21.129475,0.52,97483.5,1509327936731.45,43890.0,1657591887626.39,1.4287595470108,-3.093111446907,1.72872996330261,21.0480401948524,4.81642007827759,7.68809605,1.74549269676208,197245000000.0,131.0,18.7,1.93140658409415,320494.0,65.71,1.24041163921356,4.141614,38.7120133755838,0.0,1.5398,9.78825734,74.5106,2110.278,5.813766,51.79665,1589.5022,1893.6338,917.67285,99.95587,7.0
Canada,2017,82.0,25.633984,0.53608376,0.73561496,1649265644244.09,45129.4292980922,1765762548007.76,14.518459,21.337545,0.51,98638.305,1628291572163.23,42900.0,1743306959310.54,1.5968841285297,-2.8034274767599,1.68579995632172,20.7033313853187,4.95996999740601,7.57427883,1.81537175178528,210482000000.0,131.0,18.65,0.131626933516484,361274.0,65.76,1.08967959880829,,38.7078876013737,0.0,1.5413,9.77577311,73.5197,2163.0786,5.8240194,51.53333,1614.3353,1915.9429,944.17865,99.8825,6.34
Canada,2018,82.1,25.637527,0.52486557,0.73588467,1725297938435.76,46547.7951820036,1852985933143.48,14.383343,21.570526,0.5,99944.555,1695965885548.75,45080.0,1821483037220.98,2.268225672481,-2.38511481724633,1.6757800579071,20.6814326967462,4.8889799118042,7.57710123,1.67517793178558,229331000000.0,131.0,18.589,,417974.0,65.41,0.963774383068085,3.75,38.7037629425392,0.0,1.4996,9.75767683,72.11899,2233.4644,5.8000345,51.446663,1682.8423,1908.2888,950.5504,,5.83
Canada,2019,82.4,24.75273,0.52486557,0.7355051,1743725183672.52,46374.1527517191,1873759736036.69,14.057889,20.834919,0.49,100649.555,1722945761061.66,46600.0,1851430732710.42,1.94926902411596,-1.95170274818579,1.59123003482819,20.6634960880685,4.77293014526367,7.6410737,1.69739508628845,231192000000.0,131.0,18.518,,391914.0,65.71,0.994817912578583,,38.6996371683291,0.0,1.4517,9.742708619999998,70.86087,2283.3577,5.712016,51.282127,1700.3997,1885.2949,954.44824,,5.66
France,2000,79.0,99.806175,0.4502523,0.72919446,1365639660792.16,22416.425417915,1589551596985.56,8.802583,8.21659,0.54,23987.0,1387213402712.16,24990.0,1614662595813.76,1.6759598872093,1.18077857733456,2.09346008300781,22.3258723712198,5.60021924972534,6.97070313,1.63705730438232,160144000000.0,,24.129,,102857.0,55.7,0.785089075565338,,27.9198709929561,0.0525397600157079,1.8762,13.398957499999998,252.21721,1541.2465,7.4328976,75.473495,2103.4001,2296.978,301.39917,95.59312,10.22
France,2001,79.2,99.207664,0.4499299,0.72305197,1377657339291.34,22449.3396931175,1687042717869.47,8.756404,7.5540404,0.54,24069.0,1402495832979.14,23870.0,1717459279886.55,1.63478079549599,1.5218142190844,2.13804006576538,22.1418541151996,5.61780023574829,7.06165648,,170827000000.0,,23.873,,122247.0,55.5,,,28.1264210589754,0.0076570150146012,1.8792,13.3974472,233.2829,1553.9563,6.976747,75.631775,2095.2197,2296.9473,308.42792,95.50102,8.61
France,2002,79.4,98.120735,0.44216782,0.7133967,1501409382971.38,24288.2700193508,1762926373243.27,8.603629,7.3912654,0.51,24313.5,1517047281243.53,23150.0,1781288096300.79,1.9234122872706,1.175629306184,2.17448997497559,22.7211494436744,5.78097534179688,7.31639624,1.54408168792725,163272000000.0,,23.62,,137513.0,55.71,0.924183249473572,,28.3329711249947,0.0,1.8649,13.36419243,210.893,1568.2793,6.8815484,75.564705,2101.7585,2297.154,318.57397,95.43218,8.7
France,2003,79.4,96.45344,0.44710618,0.709567,1844544792036.86,29627.92426353,1753692811828.18,8.716034,7.4334993,0.49,24426.5,1869026496404.31,26000.0,1776968684095.34,2.09847219146922,0.866601323987478,2.11994004249573,23.143427286765,5.76206302642822,7.32370949,1.6510945558548,162292000000.0,,23.368,,148696.0,56.41,0.179551064968109,,28.5238935727102,0.0,1.873,13.31058108,187.94157,1577.7157,6.9089246,75.39588,2092.7698,2296.6562,330.88788,95.19437,8.31
France,2004,80.3,92.125175,0.4496162,0.7059894,2119633181634.37,33797.1624418436,1822244394040.99,9.014732,7.356372,0.47,24508.5,2148978081185.33,31450.0,1847472145315.95,2.14208964640242,0.432452993011335,2.09460997581482,23.0446960978721,5.54923391342163,7.38390923,1.75563025474548,171812000000.0,,23.117,,154947.0,56.25,0.345115303993225,,28.7460712570334,0.0,1.8982,13.25981684,167.39612,1548.5325,6.7652354,75.10417,2060.678,2294.6316,337.8011,95.15357,8.91
France,2005,80.3,91.356064,0.44677764,0.7012617,2196945232435.8,34768.1759037525,1926880446239.76,9.105045,7.3290267,0.45,24881.0,2234564034091.83,35920.0,1959874866060.42,1.74586936380481,-0.0064949736251816,2.05151009559631,23.0670392801425,5.47005081176758,7.41065979,1.66645479202271,181387000000.0,132.0,22.87,,155943.0,56.24,0.399723917245865,,28.9531500830051,0.0,1.9159,13.22720225,155.66156,1553.8263,6.7235436,74.6514,2045.3835,2290.2747,347.74634,98.55515,8.49
France,2006,80.7,90.88799,0.44482523,0.70472234,2320536221304.7,36470.2128399313,2065561696349.24,9.0367775,7.118287,0.44,25650.5,2366964499002.35,37880.0,2106888554839.65,1.67512449608728,0.0221640824996735,2.05094003677368,22.7591793094828,5.47531032562256,7.40223789,1.62847626209259,198539000000.0,132.0,22.623,,151814.0,56.15,0.595505774021149,,29.1597039212356,0.0,1.974,13.19456282,143.69888,1549.8877,6.6756988,73.888084,2021.5933,2282.2817,355.0932,98.57178,8.45
France,2007,81.0,91.81089,0.44989803,0.7100491,2660591246211.77,41557.6235648179,2184594990879.52,8.982373,6.9615903,0.43,26542.0,2713440990838.05,40160.0,2227989588807.41,1.48799805953858,-0.327690864015585,2.0245099067688,22.4331396546751,5.30452871322632,7.33408451,1.46457493305206,205545000000.0,132.0,22.379,,142170.0,56.28,0.563000798225403,3.82,29.3662577594661,0.0,1.9521,13.14222992,134.10063,1549.0767,6.6130795,72.809906,2024.2532,2270.777,363.59097,98.49684,7.66
France,2008,81.0,93.405235,0.447799,0.7073742,2930303780828.12,45515.9617533473,2259256991361.58,8.831246,6.8197207,0.43,27800.5,2994136038927.34,43540.0,2308471504999.58,2.81286194914787,-0.961095349295913,2.06117010116577,22.5625633664261,5.40407991409302,7.4163928,1.57403433322906,215984000000.0,132.0,22.132,,128627.0,56.37,0.543759167194366,,29.5728115976967,0.0,1.9873,13.08708722,125.97599,1558.836,6.582568,71.785416,2037.705,2256.784,374.6043,98.06303,7.06
France,2009,81.2,95.61631,0.43231288,0.71218723,2700887366932.03,41737.7635518137,2243937994593.01,8.124049,6.4911995,0.42,29292.5,2763004002090.23,44070.0,2295545432738.83,0.0876204781574529,-0.818234234576086,2.21206998825073,24.0808047006283,5.73407077789307,7.97806454,1.47705447673798,184993000000.0,132.0,21.883,,108940.0,56.58,0.512012898921967,,29.7793654359272,0.0,1.9899,13.03856235,120.41577,1568.0815,6.440011,70.90874,2024.6354,2241.4177,382.73328,97.70589,8.74
France,2010,81.4,95.501945,0.43773997,0.72692823,2645187882116.73,40676.0647913191,2334558750402.2,8.0654545,6.517781,0.42,31716.5,2706418757800.07,43970.0,2388599175125.05,1.53112270420924,-0.832873473249638,2.17857003211975,23.9892566941431,5.65859603881836,7.9076767,1.46266102790833,198971000000.0,132.0,21.631,,86355.0,56.51,0.681087553501129,4.0,29.9859192741578,0.0,2.0176,13.00866606,114.30364,1568.1522,6.173008,70.364845,2040.4241,2226.1636,385.5745,97.35002,8.87
France,2011,81.8,93.92914,0.44431713,0.72069174,2865157541994.19,43846.4660764801,2446475413051.0,7.9821105,6.3118806,0.4,35007.09,2941328117344.38,44440.0,2511515271090.53,2.11159795174997,-1.02991205960483,2.19161009788513,23.744527827615,5.48298311233521,7.85247946,1.39230680465698,214192000000.0,132.0,21.378,,65188.0,56.26,0.602992832660675,,30.1382321840466,0.0,1.9945,12.96381893,108.15077,1566.9592,5.699428,70.35096,2021.209,2210.6006,380.21063,98.37009,8.81
France,2012,81.8,89.65728,0.43509713,0.7156427,2683671716967.19,40870.8523645734,2474003939353.38,7.618145,6.339798,0.4,37326.754,2742349300400.39,43410.0,2528097207038.72,1.95419531613507,-1.22500462637385,2.22707009315491,23.9504999032939,5.45646715164185,7.94105148,1.37338125705719,231318000000.0,132.0,21.122,,49080.0,56.47,0.554941534996033,3.96,30.2905450939354,0.0,1.9897,12.877807509999998,100.88974,1572.1793,5.4537063,70.427795,2033.7971,2194.1692,369.3446,98.27769,9.4
France,2013,82.0,83.69453,0.43365055,0.72182375,2811876903329.05,42602.7179652671,2608522466158.15,7.3795176,6.327921,0.41,38913.67,2874860245102.78,43800.0,2666950863865.02,0.863715497861826,-0.86713423702194,2.23703002929688,24.1116877142286,5.50037813186646,8.01780128,1.48261678218842,243358000000.0,137.0,20.865,,36552.0,56.44,0.448744118213654,,30.4428580038243,0.0,1.9724,12.777460169999998,94.85045,1572.2593,5.221742,70.61734,2010.5806,2178.1604,357.43002,98.30237,9.92
France,2014,82.5,76.869736,0.43512306,0.7266926,2855964488590.14,43068.5487241732,2662033396692.53,6.863418,5.776674,0.4,40784.277,2917864654134.45,43340.0,2719730300347.34,0.507758822937957,-1.30794679968551,2.27591991424561,24.1258928301466,5.51206302642822,8.11223507,1.41354477405548,243703000000.0,137.0,20.606,,26585.0,56.11,0.300568491220474,3.982774,30.5951709137131,0.0,1.9747,12.69447333,90.78647,1567.0583,5.0308022,70.77033,1931.7858,2163.627,347.32602,97.56809,10.29
France,2015,82.2,72.62386,0.42788216,0.7279206,2439188643162.5,36652.9223052178,2718496736713.76,6.6428127,5.841112,0.41,43027.094,2491864986670.7,41130.0,2777204974934.9,0.0375143805125363,-0.374322697110554,2.2270200252533,23.8078776145908,5.46424007415771,8.26771069,1.41785860061646,248161000000.0,137.0,20.345,,18807.0,56.01,0.0977598056197166,,30.7474838236019,0.0,1.9268,12.6615659,90.1405,1595.0597,4.9566107,70.924225,1925.0308,2151.521,347.17816,98.43569,10.35
France,2016,82.4,65.10401,0.4252444,0.7267237,2472964344587.23,37062.5335723839,2864106383742.44,6.74667,5.8172207,0.4,45057.742,2525276585700.08,39100.0,2924692709642.01,0.183334861123848,-0.493544489276916,2.22237992286682,23.7323807174966,5.41906976699829,8.61525917,1.38138175010681,249082000000.0,139.0,20.083,,14729.0,55.81,-0.106349594891071,4.011015,30.8997967334908,0.0,1.8911,12.67093468,86.70037,1585.069,4.843728,71.157074,1883.0048,2129.645,345.7426,98.82171,10.05
France,2017,82.5,62.158302,0.4227948,0.72730565,2595151045197.67,38781.049487084,2983008898740.32,6.6883583,5.854943,0.38,48035.67,2653805221561.21,38320.0,3050429224953.88,1.03228275064674,-0.692772372570482,2.1988799571991,23.6440044192123,5.45160007476807,8.59983444,1.30881631374359,263063000000.0,139.0,19.82,,13175.0,55.64,0.265700727701187,,31.0521096433796,0.0,1.861,12.68429797,86.15384,1607.2207,4.7531233,71.5738,1862.3373,2109.2312,353.0559,98.92727,9.41
France,2018,82.6,60.628735,0.4246239,0.72904855,2790956878746.61,41557.8548588869,3125379876905.32,6.655166,5.615935,0.37,50742.773,2855661376338.77,41170.0,3197837511869.07,1.85081508315494,-0.873698957960523,2.19666004180908,23.2715949606187,5.40716981887817,8.49712181,1.4197963476181,287199000000.0,139.0,19.556,,14391.0,55.62,0.0137935001403093,4.0,31.2044225532684,0.0,1.8428,12.703123909999997,87.054825,1625.2374,4.71945,71.89753,1835.2397,2107.7332,354.13498,,9.02
France,2019,82.7,60.03797,0.4246239,0.72903204,2728870246705.83,40494.8982936269,3403158794112.95,6.451103,5.4596477,0.36,53625.23,2787416524619.55,42460.0,3476171529249.48,1.10825492288292,0.50200756917196,2.19179010391235,22.9835475778777,5.35443019866943,8.34206104,1.33828783035278,297504000000.0,139.0,19.291,,17403.0,55.27,0.271274894475937,,31.3567354631573,0.0,1.83,12.72765194,87.5502,1656.8602,4.697216,72.35429,1849.7468,2117.9966,354.68765,,8.41
Germany,2000,78.1,92.285065,0.4361223,0.7377036,1947981991011.77,23694.7604830673,2236505982318.68,13.276514,11.356725,0.54,11806.5,1937024251730.2,26180.0,2223925245140.92,1.44026838719736,-1.7404661031122,2.40982007980347,19.0445168295331,4.06815242767334,7.73300314,1.80453169345856,109094000000.0,,25.035,,60905.0,57.46,1.41133570671082,,32.5376128385155,0.0,1.38,11.68101223,98.43436,2759.543,2.464971,58.309242,2593.64,2446.1155,359.39984,86.46473,7.92
Germany,2001,78.4,90.608376,0.43736732,0.7390588,1945790973803.15,23628.3272122367,2336594646742.43,13.260297,11.996751,0.53,14827.5,1932123667212.6,24770.0,2320182320935.18,1.98385731334476,-0.364863756166508,2.40437006950378,18.9489261417511,4.14708137512207,7.75525427,,96940000000.0,,24.83,,48500.0,57.48,,,32.5580395528805,0.0,1.3498,11.70222002,92.87233,2738.4797,2.450247,59.14038,2562.3025,2408.293,356.3966,82.93565,7.77
Germany,2002,78.5,89.5346,0.44369,0.74170285,2078484517474.51,25197.2656001848,2406901890705.46,12.618451,11.808197,0.51,18361.5,2056434683769.81,23680.0,2381368004844.2,1.42080615551521,1.91103265835049,2.4362199306488,19.2315706148891,4.16305732727051,7.92509031,1.66001808643341,94768000000.0,,24.626,,45985.0,57.27,1.09601747989655,,32.5775382674999,0.0,1.3415,11.75313645,88.74489,2749.5454,2.5634263,60.595673,2525.556,2369.159,355.73627,84.71067,8.48
Germany,2003,78.5,88.05444,0.43402913,0.7440933,2501640388482.35,30310.3575963774,2468570395282.46,13.125658,11.835499,0.51,21658.0,2476230001432.94,26140.0,2443495916355.9,1.03422218628564,1.43846913459741,2.47461009025574,19.3256374430834,4.17101860046387,8.05197239,1.35740518569946,95438000000.0,,24.423,,54381.0,57.32,0.577859222888947,,32.5979759754594,0.0,1.341,11.81315737,84.85604,2760.441,2.7182353,62.27077,2505.2703,2331.4172,357.18936,84.99832,9.78
Germany,2004,79.1,85.39812,0.44488436,0.7503266,2814353869359.08,34106.6581224001,2585565756784.12,12.937435,11.642165,0.49,24875.7,2831354282320.08,31670.0,2601184150079.19,1.66573696655992,4.53055764563467,2.43518996238708,18.8173806198398,4.10064888000488,7.70017481,1.46714746952057,93025000000.0,,24.221,,73107.0,56.87,0.638884365558624,,32.6174843019755,0.0,1.356,11.86211829,79.15942,2730.6753,2.8870409,63.512974,2469.723,2298.3032,353.98727,86.23536,10.73
Germany,2005,79.3,84.37433,0.4673563,0.7565556,2846864211175.1,34520.2396492496,2622040720917.68,12.921379,11.379576,0.48,28475.2,2870368808691.05,35770.0,2643689105682.11,1.54691114751329,4.67487148183906,2.44193005561829,18.7759088585026,4.62490797042847,7.80322599,1.5005247592926,95837000000.0,196.0,24.02,,102694.0,58.42,0.888915359973907,,32.6341897006537,0.0,1.3408,11.89013849,74.45818,2721.5818,3.0613928,63.77661,2437.2344,2278.3958,353.40045,87.00548,11.17
Germany,2006,79.6,84.21526,0.47044128,0.7603367,2994703642023.53,36353.8803343631,2813825388229.99,12.847875,11.492672,0.46,32218.7,3045353242965.88,38270.0,2861415784500.06,1.57742642840567,5.79311003542774,2.47232007980347,18.3277709762356,4.02527379989624,7.65903044,1.64597606658936,106427000000.0,196.0,23.821,,145046.0,58.96,1.02506959438324,,32.653704978206,0.0,1.3346,11.95047124,70.33711,2710.3757,3.2425616,63.23684,2406.7944,2266.246,353.32022,88.30855,10.25
Germany,2007,79.7,85.40174,0.48422098,0.7658141,3425578382921.58,41640.0808695147,2985617483101.35,12.836312,11.141627,0.46,35427.0,3475319883354.91,40470.0,3028970481260.68,2.29834400700947,6.88284344098742,2.4604799747467,17.8550539097037,3.92246603965759,7.55503988,1.63131237030029,116330000000.0,196.0,23.622,,180746.0,59.15,0.995823800563812,4.19,32.6741618148966,0.0,1.3692,12.08127241,66.99034,2712.5508,3.4404802,62.3594,2431.1375,2255.8057,357.1308,88.72921,8.66
Germany,2008,79.8,87.10655,0.48377684,0.76931095,3745264093617.19,45612.7106221441,3103957698735.13,12.814981,11.171732,0.43,38448.0,3780819607074.22,43650.0,3133424995825.21,2.62837981637219,5.69385837100298,2.61512994766235,18.2555596134287,4.54924011230469,7.7165823,1.51405537128448,121709000000.0,196.0,23.425,,211709.0,59.24,0.943830788135529,,32.6936867165763,0.0,1.3796,12.242027750000002,63.66624,2722.9155,3.634926,61.45534,2478.9856,2247.7751,361.91626,88.31105,7.52
Germany,2009,79.9,88.070694,0.48488984,0.76203847,3411261212652.34,41650.3678297162,3015332302631.74,11.997946,10.470754,0.42,47233.5,3488175094524.22,43660.0,3083319155021.96,0.312739007368458,5.89620327507654,2.74266004562378,19.9916998196857,4.34005403518677,8.50175571,1.57510924339294,109633000000.0,196.0,23.229,,240968.0,59.39,0.859902501106262,,32.7113393190098,0.0,1.3578,12.37541095,60.761143,2746.3364,3.8153543,60.586056,2508.795,2240.7966,364.57156,88.027,7.74
Germany,2010,80.1,86.212585,0.48021784,0.756533,3399667820000.09,41572.4559481517,3185269556727.83,12.598794,10.836878,0.41,56545.0,3467862685333.42,44680.0,3249163748740.81,1.10381037789263,5.77032561821022,2.73024010658264,19.5632116674466,5.09588003158569,8.39849472,1.51569378376007,108354000000.0,215.0,23.034,,267047.0,59.37,0.796834468841553,4.34,32.7308718478354,0.0,1.3921,12.43597902,57.93729,2757.7542,3.942807,60.237854,2557.5056,2238.4287,364.3851,88.84321,6.97
Germany,2011,80.4,82.69547,0.48282838,0.752364,3749314991050.62,46705.8957963357,3415020684916.05,12.080902,10.325658,0.41,67421.0,3845325104620.66,47320.0,3502470398953.27,2.07517283735872,6.18704186665794,2.80555009841919,19.0699297583867,4.98425006866455,8.12835026,1.50013899803162,118461000000.0,221.0,22.84,,293051.0,60.09,0.842218458652496,,32.7375487720909,0.0,1.3878,12.45270196,56.637486,2759.4463,3.9888065,60.026684,2478.5867,2229.7803,359.40454,88.51651,5.82
Germany,2012,80.5,77.53538,0.48215917,0.7472045,3527143188785.16,43855.8544658618,3487232707438.34,11.26619,10.472059,0.39,78149.5,3611772218601.56,46560.0,3570904139239.83,2.00848884782951,7.13185814001801,2.88165998458862,19.2768758355158,4.92844009399414,8.18770885,1.53097581863403,127212000000.0,207.0,22.83,,317082.0,60.07,0.775621294975281,4.26,32.7451655477133,0.0,1.4095,12.47707817,54.17643,2780.2268,4.049035,59.842163,2464.756,2214.8262,352.56876,88.29428,5.38
Germany,2013,80.5,72.265755,0.4959816,0.74566406,3733804649549.06,46298.9229177345,3628559701800.76,11.367278,10.655163,0.39,83766.0,3820263805783.96,47220.0,3712581829258.22,1.50472330251883,6.57196399679286,2.8359899520874,19.6309246447436,4.93538999557495,8.4049654,1.51098811626434,133138000000.0,218.0,22.82,,342555.0,60.35,0.92798388004303,,32.7189864709929,0.0,1.42,12.49552732,52.877064,2823.2874,4.1336017,59.731102,2460.582,2199.7163,349.2755,87.93699,5.23
Germany,2014,80.9,65.868034,0.49932623,0.7476087,3889093051023.45,48023.8699845455,3807112936430.42,11.07061,10.132933,0.38,90325.0,3967012279025.02,47640.0,3883389666513.64,0.90679400043421,7.18487262809079,2.87784004211426,19.5890251859139,4.92102003097534,8.48884487,1.6654098033905,138557000000.0,218.0,22.81,,369027.0,60.41,0.925186455249786,4.323295,32.7228432215535,0.0,1.4727,12.50674002,51.268253,2820.797,4.1556087,59.68116,2335.0874,2188.8193,344.48294,87.89669,4.98
Germany,2015,80.6,61.856644,0.4977009,0.747451,3357585719351.56,41103.2564363768,3889081660716.44,10.88889,10.1633625,0.39,97851.0,3434101056827.73,45780.0,3977709151007.17,0.514426137125476,8.57954112280744,2.9337899684906,19.6917566040355,4.85515022277832,8.60692406,1.65674340724945,145945000000.0,218.0,22.8,,397921.0,60.17,0.687514960765839,,32.7323281545606,0.0,1.5059,12.50764486,52.02177,2878.081,4.209141,59.582916,2361.2104,2189.0544,349.52267,89.23147,4.62
Germany,2016,80.8,57.69677,0.49573782,0.7472676,3469853463945.63,42136.1207908003,4165169650070.14,11.070989,10.165862,0.4,104435.5,3555930677612.56,44280.0,4268495684340.31,0.491747008445241,8.61588144190802,2.94039011001587,19.9012039275985,4.83923006057739,8.68167686,1.66083610057831,155930000000.0,218.0,22.776,,432017.0,61.0,0.667541146278381,4.439356,32.685482024273,0.0,1.5897,12.48744734,52.47728,2878.7786,4.1179266,59.00759,2332.951,2197.1904,355.28302,90.41737,4.12
Germany,2017,80.9,54.920086,0.49262053,0.746471,3690849152517.69,44652.5891722723,4386727409191.68,10.887465,9.920439,0.37,112514.0,3778789183700.04,43760.0,4491247786267.96,1.50949485109622,7.84795328105363,3.04710006713867,19.8404424637912,4.87182998657227,8.78484631,1.61281025409698,166557000000.0,218.0,22.739,,430803.0,61.21,0.574380218982697,,32.6845464693591,0.0,1.5766,12.45618127,52.72799,2880.1301,3.974723,58.187923,2290.025,2206.8162,360.34204,90.14286,3.75
Germany,2018,81.2,54.26047,0.49262053,0.74832964,3974443355019.53,47939.2782884496,4576054323351.22,10.6732645,9.541997,0.35,118904.5,4108434453701.88,47490.0,4730327637032.14,1.73216879766946,7.97314517814207,3.11011004447937,19.8828388477024,4.97933006286621,8.85075378,1.52358090877533,176278000000.0,218.0,22.688,,392587.0,61.28,0.577707588672638,4.37,32.6836109680005,0.0,1.5599,12.42103648,52.49731,2900.0012,3.906838,57.40056,2247.1091,2226.3586,363.9078,,3.38
Germany,2019,81.6,53.810608,0.49262053,0.746339,3888226035921.49,46793.6867615995,4769330270278.43,10.136722,8.90074,0.33,125068.0,4019078052948.94,49220.0,4929834438495.62,1.44565976888251,8.17576537652277,3.16778993606567,20.2448420216166,5.11676979064941,9.02511978,1.49546587467194,181913000000.0,218.0,22.624,,360560.0,61.92,0.548454642295837,,32.6826755201923,0.0,1.5403,12.38128213,52.245693,2935.97,3.866036,56.317917,2269.1206,2260.3157,367.1435,,3.14
Italy,2000,79.6,125.60896,0.505293,0.6470383,1146676894209.73,20137.5912217673,1541857487400.74,9.996309,8.472012,0.55,17903.5,1142299340172.39,21910.0,1535971291818.49,2.53768532095005,-0.270933687749188,1.00364005565643,17.7360219132641,4.29107999801636,5.49627781,0.72274261713028,162866000000.0,,32.778,5.13824588590486,49166.0,48.13,0.916669428348541,,28.3014561169763,0.0,1.2542,11.86962745,182.87524,2251.1348,2.2862031,38.812675,2940.611,1630.65,568.6522,98.4748,10.83
Italy,2001,79.9,122.33334,0.508375,0.6852146,1168023426056.38,20500.9543995672,1597502082414.62,9.819623,8.439514,0.54,18293.0,1164448341671.22,21190.0,1592612450389.53,2.78516542713555,0.155317844415399,1.04069995880127,18.3998335143982,4.65009021759033,5.77401066,,172264000000.0,,32.718,4.12890387539513,47084.0,48.29,,,28.5242325458714,0.0,1.2509,11.8438758,180.23322,2247.4724,2.2095506,38.02394,2882.618,1625.5823,547.20807,98.66252,9.6
Italy,2002,80.1,117.7282,0.4990262,0.72366905,1276769338449.3,22376.2978989329,1639680554324.34,10.049619,8.585551,0.51,18729.0,1271074053343.3,20770.0,1632366431124.16,2.46532319171164,-0.491647995845654,1.08124005794525,18.5459988451104,4.43240976333618,5.89694309,0.753255426883698,167537000000.0,,32.618,3.15873855355089,222527.0,48.76,0.838429808616638,,28.7470089747665,0.0,1.2679,11.80853822,172.11143,2264.095,2.2313027,37.2957,2846.6655,1620.1082,527.17426,98.59154,9.21
Italy,2003,80.2,114.55889,0.50208247,0.7190773,1577621707050.51,27526.3224609957,1673453784517.33,10.268371,8.86545,0.48,19173.0,1570015784573.64,23410.0,1665385842946.31,2.67255552772852,-0.768790406982167,1.05894005298615,18.9754277141381,4.54179000854492,5.90086746,0.743869483470917,164357000000.0,,32.499,2.60067773160278,478254.0,49.24,0.431488335132599,,28.9697854036616,0.0,1.2888,11.7680145,162.1398,2297.7117,2.297789,36.596428,2821.551,1614.7189,513.5528,98.44817,8.87
Italy,2004,81.0,108.09602,0.5017021,0.7155622,1806542968545.56,31317.2007943296,1704881911208.31,10.493425,9.000588,0.47,19464.5,1803554244449.46,28360.0,1702061374006.73,2.20673661423654,-0.497026061316597,1.05025005340576,19.1593582401662,4.38520002365112,6.22569847,0.628187000751495,170552000000.0,,32.38,2.76222646529531,417189.0,49.68,0.269257694482803,,29.1925618325567,0.0,1.3377,11.72790049,150.18445,2266.352,2.3436944,35.89176,2718.1594,1608.9337,495.23624,98.64055,7.87
Italy,2005,81.0,103.9323,0.49359158,0.71141297,1858217147203.73,32055.0920757503,1746657911754.7,10.590776,8.970809,0.45,20250.5,1861136280618.83,32480.0,1749401793158.77,1.98529298527983,-0.899507101205331,1.04435002803802,19.6144935781847,4.23829984664917,6.46201944,0.556203484535217,177198000000.0,340.0,32.262,3.23826980965577,250910.0,49.11,0.489115536212921,,29.4153382614518,0.0,1.3426,11.69447914,142.31323,2262.769,2.3920243,35.195293,2678.3157,1601.8582,482.07568,98.408,7.73
Italy,2006,81.4,100.91075,0.4951954,0.70875597,1949551719389.64,33529.7266014361,1886858955273.76,10.943792,8.731146,0.43,20633.5,1957286082582.7,34280.0,1894344600465.43,2.09084391012755,-1.4527229699455,1.08401000499725,19.483774834693,4.52545022964478,6.55959702,0.35609769821167,199119000000.0,340.0,32.144,3.42416671160356,210398.0,49.08,0.5307337641716,,29.6381146903469,0.0,1.3706,11.70788227,135.78781,2246.7734,2.4340641,34.60872,2615.854,1595.08,469.76617,98.39118,6.78
Italy,2007,81.5,98.001144,0.49621493,0.7116874,2213102482751.46,37870.7475070969,1995408005654.42,10.682088,8.562998,0.42,21599.5,2214810509531.73,35930.0,1996948020334.17,1.829741122024,-1.36143428419417,1.12899005413055,19.0276459621567,4.10503005981445,6.30452633,0.191648334264755,216524000000.0,340.0,32.026,3.76243467546476,485871.0,48.75,0.446970045566559,3.52,29.860891119242,0.0,1.3989,11.78049624,128.7276,2242.7048,2.4916003,34.11423,2576.6514,1587.6753,461.3446,98.43845,6.08
Italy,2008,81.6,95.6935,0.4826407,0.71556413,2408655348718.59,40944.9124194678,2089717925618.93,10.4011545,8.244598,0.41,23154.5,2386641522088.98,37980.0,2070619017116.37,3.34783258401023,-2.75676025621801,1.15971994400024,19.5599387775315,4.38794994354248,6.62789536,0.272778868675232,221894000000.0,314.0,31.908,4.33259382637626,413349.0,49.1,0.547544240951538,,30.0836675481371,0.0,1.4413,11.88148108,120.80691,2241.206,2.5599477,33.69818,2556.6492,1580.7604,453.0478,98.24087,6.72
Italy,2009,81.8,93.30029,0.48336822,0.7316544,2199928804118.63,37226.7571935402,2044892035031.08,9.479596,7.3750677,0.41,25772.205,2198543924651.95,37990.0,2043604752921.96,0.774768131387384,-1.83691265703513,1.21786999702454,20.6786355974322,4.52371978759766,7.00957918,0.417277067899704,204503000000.0,314.0,31.791,3.02700909877606,280126.0,48.48,0.346905887126923,,30.3064439770322,0.0,1.4459,11.97704333,112.3407,2239.8025,2.6254294,33.36206,2521.5083,1573.4884,445.11496,97.61927,7.75
Italy,2010,82.1,89.67046,0.4906834,0.75197625,2136099955236.72,36035.6449950699,2083996492353.54,10.078085,7.486654,0.39,29507.436,2131574091108.39,37960.0,2079581022494.46,1.52551602118248,-3.31535429352573,1.21797001361847,20.5529841689778,4.33411979675293,6.99493837,0.467300355434418,208377000000.0,285.0,31.673,3.57968579295654,270043.0,48.2,0.473923683166504,3.72,30.5292204059273,0.0,1.4503,12.03352264,103.00804,2225.3333,2.6976573,33.123318,2496.772,1563.8771,436.0437,97.63938,8.36
Italy,2011,82.2,87.50054,0.49663877,0.76184773,2294994296589.51,38649.6394836792,2173169963370.93,9.685515,7.2856817,0.38,40823.77,2289189703989.32,37980.0,2167673493812.34,2.78063272879324,-2.823890502689,1.20155000686646,19.8160333992457,4.11568021774292,6.7571559,0.403479129076004,207402000000.0,285.0,31.556,2.94466372553515,195257.0,48.14,0.501207411289215,,30.7111775407652,0.0,1.434,12.0589077,94.45705,2231.1113,2.7743921,33.017864,2457.0327,1547.6399,425.3901,97.18455,8.36
Italy,2012,82.3,84.58667,0.5023832,0.77587396,2086957656821.6,35051.5212697703,2172383785077.79,8.781643,6.96393,0.37,46720.72,2084406708913.59,36220.0,2169728418375.06,3.04136333226773,-0.245779424694012,1.26218998432159,19.8080633298544,4.05601978302002,6.66466093,0.447511166334152,216479000000.0,269.0,31.316,3.61919864683014,249033.0,49.08,0.508217513561249,3.74,30.8931346756031,0.0,1.4235,12.08184547,88.2805,2229.99,2.8405933,32.969067,2430.5337,1521.9822,410.35388,97.42164,10.65
Italy,2013,82.7,80.644,0.5059193,0.7684651,2141924094298.57,35560.0814062291,2187377576803.98,8.145485,6.41972,0.36,48857.22,2138212137190.77,35570.0,2183586848754.71,1.21999342274305,1.15618758899073,1.30106997489929,19.807207720124,4.14367008209229,6.64814234,0.53310090303421,218695000000.0,269.0,31.021,3.95121199746377,154366.0,48.79,0.495499193668365,,31.075091810441,0.0,1.3844,12.10209268,82.006,2211.082,2.9004338,32.909595,2392.8293,1493.7744,390.08063,97.81952,12.15
Italy,2014,82.9,76.77209,0.50389504,0.7683029,2162009615996.51,35565.7213771491,2200255257934.9,7.865764,6.092888,0.35,49526.22,2162198263107.88,34910.0,2200447242186.78,0.241047429826773,1.86445189260356,1.33840000629425,19.5390135071429,4.06127977371216,6.68862152,0.473634362220764,213963000000.0,269.0,30.728,3.91764782821879,50102.0,49.06,0.458165407180786,3.775923,31.2570489452789,0.0,1.3663,12.1167421,78.618095,2204.3286,2.9527748,32.829216,2340.1213,1468.27,372.2347,97.13266,12.68
Italy,2015,82.5,74.199036,0.50389504,0.7559557,1836637711060.55,30242.3861352184,2240921139199.72,7.5636864,6.2945657,0.35,50417.27,1823940445540.23,33000.0,2225428932683.9,0.0387903996579552,1.43573384558626,1.33850002288818,19.1103418904102,4.07362985610962,6.59266424,0.491357654333115,218668000000.0,269.0,30.435,3.16786623371122,34031.0,48.97,0.363257199525833,,31.4390060801169,0.0,1.347,12.12819907,78.588356,2253.1538,3.011247,32.725784,2368.7368,1451.3787,365.83218,96.56912,11.9
Italy,2016,83.0,66.84904,0.50389504,0.7521434,1877071687633.83,30960.7315088911,2420671363968.59,7.351407,6.5947948,0.34,51195.27,1882461088199.94,31970.0,2427621534122.07,-0.0940166569157271,2.64699630732524,1.36642003059387,19.0265663112839,3.81578993797302,6.49173594,0.545390427112579,220828000000.0,240.0,30.145,2.33532587673561,49591.0,49.5,0.355933427810669,3.791468,31.6209699781549,0.0,1.3379,12.12890355,76.587265,2256.5208,3.0171819,32.467144,2295.8196,1444.7686,358.35895,96.00704,11.69
Italy,2017,82.7,62.839024,0.50389504,0.7529432,1961796197354.37,32406.7203150137,2517184209191.25,7.4423437,6.5195627,0.32,52128.453,1972735013154.26,31380.0,2531219823306.44,1.22653316645808,2.70681137901309,1.37012994289398,18.8300907386003,4.04493999481201,6.39856386,0.492247939109802,224086000000.0,238.0,29.856,2.25808863862564,70475.0,49.81,0.292909651994705,,31.8029338761929,0.0,1.3194,12.13161758,76.72375,2307.7722,2.8827028,32.217236,2289.1267,1445.6428,366.09744,95.65574,11.21
Italy,2018,83.2,62.230923,0.50389504,0.75286853,2091932426266.94,34622.1696664735,2600325592797.6,7.5338826,6.449007,0.31,53160.574,2115040163160.27,33850.0,2629049101683.88,1.13748763600395,2.58066934226131,1.42443001270294,18.8808660673035,4.25614023208618,6.41253042,0.409032583236694,222315000000.0,238.0,29.562,1.59483303043837,75863.0,49.92,0.326139509677887,3.85,31.9848977742309,0.0,1.2865,12.16424489,78.01818,2363.6716,2.8181427,32.150684,2302.7036,1462.8546,369.54352,,10.61
Italy,2019,83.6,62.04709,0.50389504,0.7527942,2011302198827.41,33673.7509627414,2735578306593.91,7.26578,6.3132935,0.3,54373.05,2028350676137.22,34930.0,2758765993017.34,0.611246943765291,3.29828816430451,1.461590051651,18.6186669234411,4.09527015686035,6.38360453,0.451061338186264,231935000000.0,238.0,29.264,1.64891714021908,21615.0,49.89,0.381040453910828,,32.1669704480973,0.005082035763794,1.2647,12.224383220000002,79.18901,2413.8242,2.7693632,32.30571,2369.0298,1496.4569,368.79996,,9.95
Japan,2000,81.2,44.712856,0.51961315,0.7325803,4968359152795.66,39169.3601759313,3461199212871.49,12.198596,9.484412,0.44,23930.0,5040235589315.64,36810.0,3511271813876.38,-0.676578683595068,2.6304554483536,2.8584098815918,16.549191407008,3.46011996269226,5.65793514,1.14183568954468,,,21.351,3.44952133352934,84477.0,62.44,1.19755268096924,,68.2469135802469,0.0,1.3668,6.872511220000001,110.81121,978.93054,6.306757,13.100914,1959.1107,648.3841,293.93872,,4.75
Japan,2001,81.5,43.63126,0.5293796,0.73397654,4374709984220.01,34406.1690160364,3552841434344.91,11.889635,9.118745,0.42,29500.0,4442722586731.86,37380.0,3608076636937.38,-0.740055504162799,1.97087169355986,2.92348003387451,17.2289905143177,3.40082001686096,5.86137772,,,,20.01,3.08779538469946,93257.0,61.99,,,68.2716049382716,0.0,1.3316,6.898078569999999,106.22095,975.5702,6.098143,12.934412,1930.2595,645.13104,291.90295,,5.02
Japan,2002,81.8,42.372017,0.53821856,0.73565084,4182845406488.62,32820.788626377,3647933229747.3,11.793858,9.340563,0.41,29921.5,4243892706309.39,35360.0,3701173656289.74,-0.923494026942322,2.60256560577514,2.96514010429382,17.7749067788644,3.40898990631104,5.93724489,1.0168479681015,,,18.353,3.30182293293883,102260.0,61.23,1.17602252960205,,68.2962962962963,0.0,1.3186,6.9248007,101.783,973.7611,6.2124243,12.762099,1912.3302,640.9357,290.611,,5.39
Japan,2003,81.9,41.655247,0.54464453,0.737475,4519563042183.73,35387.0483579741,3753919256711.54,11.968007,9.378493,0.39,30394.0,4592585098937.16,35660.0,3814570895476.81,-0.256541816316057,3.0839379549121,2.99320006370544,17.8364695899716,3.46662998199463,5.98652935,1.15746104717255,,,16.804,3.4858288403494,119257.0,60.77,1.0271201133728,,68.320987654321,0.0,1.2914,6.94923202,97.686195,978.7565,6.446648,12.593732,1899.7567,636.8817,292.355,,5.25
Japan,2004,82.1,40.697212,0.55309385,0.7395463,4893116005656.56,38298.9801712303,3938955753801.61,12.023214,9.2872095,0.38,31090.5,4987574981745.58,39000.0,4014995178768.02,-0.00857338820302,3.71938350458585,2.98125004768372,17.7233548337375,3.42611002922058,6.04880905,1.34332299232483,,,15.36,2.92424060900672,135835.0,60.42,1.02831530570984,,68.3456790123457,0.0,1.2878,6.96590244,93.09824,978.7184,6.626019,12.426076,1870.4026,633.35034,292.07315,,4.73
Japan,2005,82.0,40.425842,0.5540969,0.7398794,4831466523975.98,37812.8910174761,4110440479265.64,12.080473,9.328914,0.37,32047.0,4938602176255.58,41280.0,4201587695067.98,-0.282946068764459,3.52114102912066,3.13091993331909,17.7438933244397,3.31493997573853,6.2159934,1.28548622131348,,,14.022,2.90562805999877,153248.0,60.42,1.03576946258545,,68.3703703703704,0.0,1.2735,6.96954865,89.9471,986.8123,6.9270754,12.237103,1896.4421,630.65063,292.257,,4.45
Japan,2006,82.4,39.31427,0.5548553,0.7402947,4601662661030.07,35991.5423923387,4300322202225.7,11.875333,9.160673,0.36,33221.5,4724628135159.34,40590.0,4415235266797.66,0.249355116079115,3.79586210941397,3.2276599407196,17.595075361072,3.27667999267578,6.17422724,1.5849609375,,,12.882,2.54882304592612,160536.0,60.42,1.13833451271057,,68.3950617283951,0.0,1.3168,6.93624173,85.49013,983.7022,7.24005,12.015762,1879.5018,628.3349,289.19803,,4.19
Japan,2007,82.6,38.473663,0.55627495,0.74062264,4579749785984.82,35779.0156794464,4482081297524.2,11.935599,9.42898,0.35,32916.0,4720091227272.83,39310.0,4619429794420.16,0.0600394544986581,4.62330162774973,3.29257011413574,17.6343087480996,3.27934002876282,6.32067204,1.44125950336456,,,11.854,2.6068783891303,163068.0,60.39,1.01037454605103,4.11,68.4197530864198,0.0,1.3402,6.8619966,81.27551,985.9805,7.3284535,11.732584,1866.5841,625.2783,286.94363,,3.89
Japan,2008,82.6,37.617077,0.54788536,0.7394563,5106679413137.57,39876.3062956324,4517267516318.56,11.751825,8.8786,0.34,33428.5,5243862747300.91,39380.0,4638617178018.89,1.38007886164923,2.78294218549251,3.29223990440369,18.025030322619,3.27241992950439,6.56596708,1.45174884796143,,,10.897,2.84698138591967,158396.0,60.16,0.894625246524811,,68.4444444444444,0.0,1.3672,6.77142403,77.68001,988.0853,7.3543386,11.445494,1862.282,622.4606,284.1225,,4.0
Japan,2009,83.0,36.91901,0.53361964,0.7370793,5289493734900.39,41309.0016548642,4295629000666.77,10.909085,8.425812,0.33,34146.0,5422436859368.6,39230.0,4403592894666.1,-1.3528367295172,2.75409551373788,3.19589996337891,19.3337393097808,3.5559778213501,7.282969,1.45010435581207,,,10.011,2.30603261085953,159210.0,59.86,0.976251900196075,,68.4691358024691,0.0,1.3701,6.686267,74.84471,990.3846,7.3416505,11.193358,1838.9451,620.3369,281.20044,,5.07
Japan,2010,82.9,36.73958,0.5384804,0.7380181,5759071769013.11,44968.1562349739,4525401285474.55,11.317061,8.875345,0.32,36047.0,5912477091132.79,43910.0,4645945128260.86,-0.728243207517742,3.83547896264376,3.10494995117188,19.2025962424431,3.59951996803284,7.42507124,1.52235090732574,,,9.188,3.54576191505387,148460.0,59.58,0.879353165626526,4.19,68.4938271604938,0.0,1.3878,6.62654217,72.991,998.35425,7.4637046,11.013899,1864.507,619.3375,279.0637,,5.1
Japan,2011,82.7,37.45689,0.5353215,0.7378915,6233147172341.35,48760.0789494211,4629400479632.82,11.949874,9.71523,0.32,37419.5,6414396892358.66,47470.0,4764015870154.12,-0.272455616101254,2.07915328846556,3.20536994934082,19.885399284228,3.60527992248535,8.78255081,1.46691274642944,,,8.931,3.17448968701361,139793.0,59.25,0.99509197473526,,68.481755829904,0.0,1.3904,6.57799306,71.75295,1005.0829,7.7536645,10.927424,1885.7242,620.8114,276.51056,,4.55
Japan,2012,83.2,38.448418,0.53542095,0.7379477,6272362996105.03,49145.2804308193,4799612889015.1,12.417859,10.066664,0.3,38996.0,6445536590964.04,50060.0,4932125343801.04,-0.0440645104433029,0.958442611412041,3.17371010780334,19.9573325085164,3.64741992950439,8.9568243,1.40798962116241,,,8.852,2.18007652818581,137344.0,59.01,0.948442876338959,4.11,68.4696844993141,0.0,1.4081,6.51645898,69.0927,1003.44696,7.919925,10.895572,1909.4528,624.03455,270.89948,,4.36
Japan,2013,83.4,39.807167,0.53682834,0.7383159,5212328181166.18,40898.6478964744,5021591088716.88,12.021387,10.2038765,0.29,46083.5,5391605623511.27,48850.0,5194308150190.67,0.335037912184809,0.889785415808863,3.27895998954773,19.854370134417,3.62496995925903,8.99433517,1.61111164093018,,198.5,8.774,1.66402193295927,134721.0,59.25,1.01914191246033,,68.4576131687243,0.0,1.4274,6.4546533,66.48555,1004.3155,7.9934316,10.881301,1918.9596,627.8915,266.07333,,4.04
Japan,2014,83.7,40.64496,0.536441,0.7381877,4896994405353.29,38475.3952461838,5034454618847.27,11.35284,9.852622,0.28,56103.0,5079021304760.51,44440.0,5221591072071.17,2.75922671353253,0.742322049627637,3.36788010597229,19.9261773555302,3.55158996582031,9.02501678,1.80617105960846,,198.5,8.696,-0.459381591769,139401.0,59.44,0.96859735250473,4.155425,68.4455418381344,0.0,1.4219,6.40380384,64.31702,1005.1285,8.002523,10.86428,1928.3152,631.0468,262.04678,,3.59
Japan,2015,83.9,40.634254,0.53767514,0.73833007,4444930651964.18,34960.6393843385,5199915217476.25,10.699211,9.581856,0.27,67485.5,4619771168713.41,39380.0,5404452911056.24,0.795279630579775,3.0702796590698,3.24071002006531,19.617744139153,3.22902536392212,9.03866768,1.75416135787964,,181.5,8.619,-0.948441229804994,150215.0,59.5,1.05422055721283,,68.4334705075446,0.0,1.4438,6.37406217,62.44133,1006.95294,7.9672513,10.814056,1921.8236,632.1443,258.8368,,3.39
Japan,2016,84.1,40.176384,0.53688794,0.73830146,5003677627544.24,39375.4731620781,5158900389806.61,10.50297,9.658184,0.27,76219.0,5177794688417.2,38460.0,5338418864031.4,-0.127258844489691,3.93809128404803,3.10665988922119,19.6572481017318,3.14643001556396,8.95745564,1.78573799133301,,128.5,8.54300000000001,0.622192760437052,156993.0,59.99,0.968189001083374,4.096887,68.4224965706447,0.0,1.4325,6.36051889,61.836357,1016.13916,7.902654,10.731752,1930.5498,630.8016,260.34073,,3.13
Japan,2017,84.2,39.03367,0.5364196,0.73821616,4930837369151.42,38834.0529341227,5262254961496.86,10.34995,9.551291,0.26,84186.5,5113251596855.53,38930.0,5456929841830.38,0.484199796126387,4.12036966283801,3.16635990142822,19.4117955495929,3.13057994842529,8.97414494,1.57973551750183,,128.5,8.465,1.06914440729004,164070.0,60.44,1.10012650489807,,68.4087791495199,0.0,1.3544,6.35321748,61.54549,1024.4071,7.712107,10.657668,1959.6704,629.3458,261.6871,,2.82
Japan,2018,84.3,38.56505,0.5364196,0.7382304,5040880939324.86,39751.1330982711,5344060957173.08,10.140316,9.2384615,0.25,91308.5,5233677416722.46,41800.0,5548453034657.65,0.989094598021806,3.51661817468288,3.22113990783691,19.5636743323798,3.07782006263733,9.00234032,1.63468813896179,,128.5,8.384,,177470.0,61.45,1.03735864162445,4.25,68.4087791495199,0.0,1.3338,6.35139289,61.87354,1043.2632,7.6884303,10.613068,1950.8679,635.12427,265.9965,,2.47
Japan,2019,84.4,38.204662,0.5364196,0.73824453,5117993853016.51,40415.9567649547,5352898831239.87,9.933143,8.9494,0.24,99271.5,5318494421653.03,41970.0,5562601947410.04,0.468776159383912,3.45076611445329,3.21489000320435,19.9451059201578,3.15533995628357,9.04153156,1.55019092559814,,128.5,8.30200000000001,,183953.0,62.01,1.01969504356384,,68.4087791495199,0.0,1.2859,6.35145873,61.995865,1065.683,7.7841187,10.577117,1962.0352,648.5821,267.81357,,2.35
United Kingdom,2000,77.9,85.212524,0.48231578,0.7189986,1666048767079.76,28289.65268964,1563066733288.29,12.686361,11.925054,0.65,2893.0,1670500064933.67,29390.0,1567242886911.69,1.18295624210404,-1.84712992495041,1.60906004905701,16.6832100826142,4.0147500038147,5.50688028,1.76882231235504,143608000000.0,,21.349,4.59168266673038,161157.0,61.91,1.03310573101044,,12.2101434299177,0.0,1.6413,11.23723518,89.15894,2654.5261,2.838578,45.04538,2937.0847,2944.827,518.9503,99.94481,5.56
United Kingdom,2001,78.1,81.27864,0.48672846,0.71472204,1648765214387.0,27888.6051075925,1649016844023.96,12.32091,12.046974,0.63,3200.5,1657543672758.42,29010.0,1657796642137.56,1.53234960272418,-1.80557968729276,1.59658002853394,17.3225369611891,4.09869003295898,5.76992941,,146418000000.0,,21.249,3.24781161573456,186701.0,61.55,,,12.2535444136734,0.0,1.6262,11.224656,85.39342,2612.3438,2.7935476,44.868153,2819.411,2951.8176,530.2132,99.93639,4.7
United Kingdom,2002,78.2,78.59765,0.48868766,0.7173225,1785781372553.92,30078.6081337481,1727141215028.19,12.419777,11.686328,0.61,3260.0,1806308232625.76,29140.0,1746994029370.45,1.52040245947458,-2.03639086013187,1.61372995376587,18.1789570420851,4.61520004272461,6.13726902,1.77972555160522,143742000000.0,,20.953,1.73838697226446,210510.0,61.79,0.672591328620911,,12.296945397429,0.0,1.6338,11.17696683,81.42202,2603.601,2.9010296,44.53667,2738.8572,2947.4167,539.3347,99.82263,5.04
United Kingdom,2003,78.3,75.97796,0.4991093,0.70916533,2056704586736.55,34480.941057112,1810286228358.98,12.57402,11.775395,0.61,3649.5,2080065635599.97,32250.0,1830848337915.31,1.3765003854201,-1.88403606478649,1.57962000370026,18.8681207454304,4.80098009109497,6.35349989,1.74633467197418,148082000000.0,,20.661,1.14813946179802,230387.0,61.87,0.27125072479248,,12.3403463811846,0.0,1.6988,11.112205500000002,77.647385,2580.8784,3.0427103,44.1248,2675.8875,2937.4165,546.6479,99.90834,4.81
United Kingdom,2004,78.9,72.647545,0.4913533,0.70298135,2423047347028.45,40392.2648578651,1924037014691.02,12.704535,11.617804,0.59,4008.5,2442813724413.2,37810.0,1939732639368.45,1.39039756680426,-2.36203193542683,1.52997994422913,19.4536126097535,4.73051023483276,6.69912815,1.86802077293396,162876000000.0,,20.371,1.6819475303836,247447.0,61.88,0.140847533941269,,12.3837473649403,0.0,1.7466,11.05097913,73.47109,2524.312,3.1749883,43.724968,2571.5886,2927.0405,555.618,98.13312,4.59
United Kingdom,2005,79.1,69.680305,0.50081974,0.7041092,2544813166100.5,42131.8270714745,1977961304035.08,12.444709,11.440497,0.58,4921.5,2571049609241.24,42700.0,1998353633805.76,2.08913649025072,-2.03429445027245,1.54904997348785,19.6567981978262,4.92684984207153,6.82918644,1.76157212257385,182434000000.0,100.0,20.085,1.58993472705451,261300.0,62.27,0.124187760055065,,12.4271483486959,0.0,1.759,11.015481950000002,70.17872,2488.506,3.3371797,43.506226,2493.0784,2920.309,568.17053,98.78009,4.75
United Kingdom,2006,79.4,68.26251,0.50335425,0.7067373,2709978165671.04,44537.7123351892,2114528837153.21,12.432338,11.300136,0.58,5411.5,2699192252493.16,44800.0,2106112856265.04,2.45566166439288,-3.16442995319484,1.57539999485016,19.8556934677768,4.9733099937439,7.03460789,1.6667982339859,195083000000.0,100.0,19.801,1.58643045432936,272651.0,62.69,0.667080104351044,,12.4705493324515,0.0,1.8106,11.0198812,69.47993,2462.6465,3.4747226,43.564583,2411.5054,2918.8179,588.22375,98.42751,5.35
United Kingdom,2007,79.5,66.44267,0.5004193,0.70214915,3092996468387.23,50438.229599278,2179784502269.62,12.311605,10.964456,0.56,6010.5,3064611505921.04,47360.0,2159780243644.14,2.38656150773328,-3.78605086652334,1.61708998680115,19.7143600173891,4.92178010940552,7.03329515,1.64163875579834,206763000000.0,100.0,19.521,3.10615750753538,279808.0,62.52,0.574654936790466,4.05,12.5139503162072,0.0,1.8642,11.05050752,66.82347,2441.1985,3.5037317,43.81603,2380.2664,2920.1052,607.62036,96.53232,5.26
United Kingdom,2008,79.7,64.82954,0.48994377,0.69584703,2931683721186.75,47432.8790970463,2272705507124.93,11.702072,10.544984,0.55,7054.5,2892901903380.95,48430.0,2242640991547.56,3.52140856342537,-3.98779625784346,1.6078599691391,20.4022356037391,4.90607023239136,7.34308386,1.63480663299561,207159000000.0,100.0,19.243,1.30605577281592,283762.0,62.76,0.492879867553711,,12.5573512999628,0.0,1.9044,11.09412925,63.698853,2432.0002,3.38819,44.11856,2363.964,2925.585,624.38605,98.63343,5.62
United Kingdom,2009,80.2,62.340153,0.5074282,0.71501356,2417565709974.49,38820.0145894173,2185546132331.36,10.136984,9.555554,0.53,8003.5,2397220472274.55,44170.0,2167153475874.07,1.96173173560107,-3.11861118658755,1.66659998893738,21.9907828043627,5.05902004241943,8.13016987,1.50809645652771,191425000000.0,105.0,18.969,-1.24077155816474,284800.0,62.56,0.121949501335621,,12.6007522837184,0.0,1.8923,11.13439843,58.993343,2401.059,3.2148747,44.31562,2286.3787,2935.2256,628.9841,97.88299,7.54
United Kingdom,2010,80.4,59.41906,0.46748006,0.7135975,2491397494467.95,39693.1938701237,2295926547711.09,10.837939,9.67829,0.51,9238.5,2492429665850.71,41900.0,2296877736626.04,2.49265472467065,-2.89480115198539,1.63496994972229,21.5354807579598,5.68736982345581,8.04831886,1.6179975271225,199597000000.0,105.0,18.698,-0.920326327088472,281588.0,62.35,0.411818206310272,3.95,12.6441532674741,0.0,1.9168,11.154888109999998,54.427437,2388.3767,3.0506506,44.302986,2277.1306,2948.512,628.1902,98.01015,7.79
United Kingdom,2011,80.8,56.218216,0.4753692,0.7264141,2666403005061.42,42150.6981408821,2357065768526.96,9.710439,8.936681,0.5,12320.0,2677578367416.49,41180.0,2366944644303.82,3.85611244682819,-1.80390247672811,1.6452100276947,20.9438586813811,5.5589599609375,8.01995087,1.60419464111328,204221000000.0,105.0,18.43,-1.59042751733336,277521.0,62.33,0.351707607507706,,12.7235150663415,0.0,1.9106,11.18530916,50.832767,2372.0908,2.8939989,44.168594,2165.6558,3000.694,624.0708,98.11699,8.04
United Kingdom,2012,80.9,52.36396,0.48664197,0.7232202,2706340967030.68,42485.5860695397,2441787313613.65,10.005735,9.174764,0.48,15583.5,2681210131121.15,41810.0,2419113098852.11,2.57323479654528,-3.29026332235825,1.57631003856659,20.795147909722,5.6279091835022,8.00758743,1.59121036529541,198391000000.0,105.0,18.163,-0.962097068555108,272601.0,62.48,0.40227073431015,3.95,12.8028768652089,0.0,1.9091,11.24872905,48.146603,2377.0735,2.749638,44.050182,2172.526,3100.668,624.1034,98.35876,7.88
United Kingdom,2013,80.9,48.93398,0.5009702,0.7310612,2786315215249.95,43449.0917173139,2563539916691.6,9.648185,8.830322,0.47,19877.5,2736879622207.81,42800.0,2518056866039.17,2.29166666666666,-4.78270084190495,1.62011003494263,20.1350392976251,5.52683019638062,7.91318083,1.51276922225952,203286000000.0,105.0,17.898,-1.63576960805278,268067.0,62.61,0.48620143532753,,12.8822386640764,0.0,1.8306,11.32307712,46.885857,2398.9631,2.626823,43.895317,2137.7812,3214.7014,631.80005,99.72456,7.52
United Kingdom,2014,81.2,45.423454,0.48115245,0.7388743,3065223279583.79,47447.5889322667,2667110033159.42,9.237608,8.154723,0.45,24770.0,3010427530738.94,44590.0,2619431192765.63,1.45112016293279,-5.13811212438362,1.64263999462128,19.8803216831193,5.59841012954712,7.90565538,1.62398397922516,208857000000.0,105.0,17.635,-0.767983673345946,261389.0,62.67,0.415347635746002,4.158261,12.9616004629438,0.0,1.8126,11.38429885,46.55843,2406.234,2.5266497,43.668064,2042.3608,3307.8137,637.1092,99.89948,6.11
United Kingdom,2015,80.9,43.314644,0.47033128,0.72601795,2934857946213.47,45071.0743234873,2773800052270.52,9.061221,7.8648515,0.45,30690.273,2871047254146.38,44480.0,2713491136392.84,0.368046842325369,-5.0669574666325,1.64632999897003,19.5058506047377,5.55358982086182,7.84124422,1.70567572116852,216741000000.0,105.0,17.374,,254218.0,62.74,0.503706395626068,,13.0409622618113,0.0,1.8087,11.40790068,45.94984,2436.4006,2.4690995,43.332832,2068.7578,3345.1265,645.05164,99.93433,5.3
United Kingdom,2016,81.1,42.28376,0.46881214,0.72949415,2699659680997.2,41146.0773555246,2903648401183.27,8.765311,7.508925,0.44,38107.754,2636540825081.9,43150.0,2835760227591.22,1.00841736811403,-5.54046933639408,1.6569299697876,19.1334564665177,5.41511011123657,7.84041071,1.57455956935883,232034000000.0,105.0,17.114,,246940.0,62.93,0.347932636737823,4.20566,13.0574959699087,0.0,1.7964,11.35659596,45.88762,2447.6462,2.4157276,42.846313,2061.3843,3333.6929,636.7849,99.65208,4.81
United Kingdom,2017,81.2,41.572445,0.4679955,0.7328105,2683488510504.04,40622.6893883232,3045581294798.01,8.297335,7.2136745,0.43,39918.137,2654594464504.78,41740.0,3012788470948.79,2.55775577557754,-3.61020468141963,1.66946995258331,18.6095209227015,5.43125009536743,7.70561171,1.43069469928741,244977000000.0,105.0,16.857,,239014.0,62.91,0.380708187818527,,13.0781631050304,0.0,1.7419,11.3018351,46.077446,2456.0227,2.384606,42.3954,2047.559,3316.578,619.9314,99.49182,4.33
United Kingdom,2018,81.1,41.54486,0.4679955,0.7276386,2878152147315.82,43306.3083049317,3137074423379.49,8.064993,7.04981,0.42,43726.48,2838922264241.22,42180.0,3094315369470.45,2.29283990345939,-4.06481853736583,1.71835005283356,18.4646404716767,5.19807004928589,7.73572683,1.36168932914734,252226000000.0,105.0,16.602,,230577.0,63.08,0.07756457477808,4.03,13.1153639482495,0.0,1.6808,11.293754430000002,46.252087,2508.1501,2.386296,42.112873,2082.2507,3303.803,609.8536,,4.0
United Kingdom,2019,81.7,40.70548,0.4679955,0.7272573,2857057847953.02,42747.080460496,3294275210238.63,7.699153,6.7708755,0.41,46336.93,2855883547433.12,43380.0,3292921205770.41,1.73810460086511,-2.82733707277608,1.72090995311737,19.0130846499293,5.24871015548706,7.9222517,1.44990789890289,254465000000.0,114.0,16.348,,221179.0,63.21,0.527470409870148,,13.1525647914686,,1.6292,11.29277447,45.937725,2560.6206,2.3717906,41.93287,2100.6636,3289.9307,604.6155,,3.74
United States,2000,76.8,87.46759,0.55032665,0.82934475,10250947997000.0,36329.9560727102,10250947997000.0,22.11325,22.68273,0.83,91928.84,10383667000000.0,35960.0,10383667000000.0,3.37685727149935,-3.92088614748242,2.62914991378784,14.0239517400802,6.08564949035645,5.54301786,1.72488653659821,1212030000000.0,,20.943,6.81342428762499,1479676.0,65.927,1.08280909061432,,33.1301735880689,0.0,2.0465,13.58344756,130.77638,3011.7405,9.677285,76.131744,2446.6387,2389.4346,1023.8401,,3.99
United States,2001,76.9,84.49876,0.5442324,0.82708013,10581929774000.0,37133.623113437,10581929774000.0,21.609848,22.30833,0.83,93979.055,10746067000000.0,36700.0,10746067000000.0,2.82617111885402,-3.72407498836611,2.64826989173889,14.5356379493206,6.29892301559448,5.9683423,,1141539700000.0,,20.766,4.56584792926521,1335725.0,65.623,,,33.1867556145437,0.0,2.0272,13.54657461,128.84924,3055.6594,8.70292,77.42023,2399.7498,2394.364,1076.8077,,4.73
United States,2002,77.0,81.481544,0.54048306,0.8271924,10929112955000.0,37997.7596573051,10929112955000.0,21.833733,21.556007,0.82,95066.81,11052223000000.0,37310.0,11052223000000.0,1.58603162650603,-4.17333961025019,2.56097006797791,15.0590355024837,6.35995531082153,6.3262043,1.62092781066895,966360000000.0,,20.591,3.06864284890227,1168499.0,65.323,0.285476922988892,,33.2433376410185,0.0,2.0195,13.41296688,127.25783,3106.2893,7.917309,78.25754,2382.5815,2405.5015,1143.4143,,5.78
United States,2003,77.2,77.773994,0.544216,0.8311514,11456442041000.0,39490.2749557007,11456442041000.0,22.287739,21.571995,0.82,95911.88,11534846000000.0,39750.0,11534846000000.0,2.27009497336113,-4.55898086099347,2.56494998931885,15.2436331781727,6.3286075592041,6.52333498,1.54012453556061,963656700000.0,,20.417,2.10731081134663,1074728.0,64.957,0.0804403498768806,,33.2999196674933,0.0,2.0421,13.231102339999998,125.52946,3141.8835,7.262707,78.83806,2339.506,2419.4983,1205.9934,,5.99
United States,2004,77.6,73.46613,0.55100757,0.8334019,12217193198000.0,41724.6316287624,12217193198000.0,22.531967,21.6453,0.81,95613.41,12317643000000.0,43510.0,12317643000000.0,2.67723669309173,-5.20485343641858,2.50171995162964,15.158309850606,6.2537636756897,6.60847521,1.74025785923004,1045333100000.0,,20.243,1.61231095358931,1200409.0,64.744,-0.233039826154709,,33.3565016939681,0.0,2.0479,13.0551515,122.858536,3140.7334,6.7173448,79.412895,2262.8042,2433.373,1254.716,,5.53
United States,2005,77.6,70.04502,0.5613536,0.8330201,13039199193000.0,44123.4070679055,13039199193000.0,22.669197,21.500145,0.81,98144.984,13166516000000.0,46180.0,13166516000000.0,3.39274684549547,-5.74598170416952,2.51646995544434,15.047143394,6.17098331451416,6.62828159,1.53101277351379,1268411800000.0,,20.072,2.96050632995504,1129462.0,64.808,-0.0605432577431202,,33.4130837204429,0.0,2.0575,12.9290678,123.09968,3192.349,6.3268847,80.17121,2250.6917,2442.5469,1307.0316,94.77826,5.08
United States,2006,77.8,66.382866,0.5682005,0.8364524,13815586948000.0,46302.0008800056,13815586948000.0,22.407478,20.994513,0.8,101528.41,14066382000000.0,47830.0,14066382000000.0,3.22594410070407,-5.91101922107059,2.55746006965637,15.0044511883738,6.16402912139893,6.80857801,1.5816855430603,1435528000000.0,,19.901,4.7260896527078,1113259.0,64.92,0.49083548784256,,33.4696657469177,0.0,2.1016,12.85487717,122.43866,3222.7405,6.203131,81.338875,2209.0525,2447.4756,1345.0555,,4.62
United States,2007,78.1,61.872055,0.56422913,0.84518254,14474226905000.0,48050.2237771135,14474226905000.0,21.971758,21.132254,0.8,107782.35,14550103000000.0,48500.0,14550103000000.0,2.85267248150136,-5.08872774231253,2.62754011154175,15.1892879283282,6.24331855773926,6.91274452,1.64327275753021,1513031800000.0,,19.731,5.20675937563525,1108509.0,64.743,0.374478042125702,4.07,33.5262477733925,0.0,2.1118,12.79056937,119.67849,3253.555,5.9189606,82.708336,2142.7615,2449.066,1367.9846,,4.62
United States,2008,78.2,57.769516,0.56219006,0.8615846,14769857911000.0,48570.0459804586,14769857911000.0,20.698751,20.318624,0.78,116370.55,14718111000000.0,49100.0,14718111000000.0,3.83910029665101,-4.71586121002055,2.75722002983093,15.9340733958399,6.43608617782593,7.22391701,1.60507559776306,1395528400000.0,,19.562,3.10992082507062,1095864.0,64.747,0.582659542560577,,33.6360635020585,0.0,2.0683,12.73196782,116.09015,3315.5305,5.577921,83.993576,2133.5264,2449.8765,1392.3458,,5.78
United States,2009,78.6,53.490623,0.55696845,0.87146187,14478064934000.0,47194.9433547336,14478064934000.0,18.750208,18.77849,0.76,127424.7,14426269000000.0,47870.0,14426269000000.0,-0.35554626629975,-2.62283669627863,2.80703997612,16.8076950275681,6.73869848251343,7.85959625,1.50298464298248,1032281500000.0,,19.394,2.59242897114548,1031010.0,64.132,0.447313606739044,,33.6927352193296,0.0,1.9997,12.67417814,112.89734,3361.7393,5.1503987,85.03762,2088.1135,2452.3525,1422.8279,,9.25
United States,2010,78.8,49.083015,0.5683459,0.87660617,15048964444000.0,48650.6431283336,15048964444000.0,19.188433,19.484684,0.73,138041.69,15172073000000.0,49150.0,15172073000000.0,1.64004344238989,-2.87064270506825,2.7250599861145,16.6858391442419,6.6945538520813,7.91452122,1.55227208137512,1176818000000.0,,19.228,2.02388548830537,1030731.0,63.483,0.438403934240341,4.15,33.7494069366007,0.0,1.9325,12.60151502,109.695,3384.7058,4.74424,85.48463,2043.4928,2455.4453,1453.9325,93.37426,9.63
United States,2011,78.8,46.269184,0.57343394,0.8813725,15599728123000.0,50065.9665041742,15599728123000.0,18.551447,18.629583,0.72,146793.02,15849978000000.0,50620.0,15849978000000.0,3.15684156862206,-2.91862137859132,2.75512003898621,16.098427999507,6.49768352508545,7.89911222,1.5137984752655,1369780200000.0,,19.056,1.14842519072757,1322433.0,62.961,0.591247260570526,,33.7794700582241,0.0,1.8943,12.46460123,110.051155,3426.8496,4.709069,85.07796,2038.6536,2460.0981,1514.8674,92.44255,8.95
United States,2012,78.9,43.31712,0.5839027,0.8823222,16253972230000.0,51784.4185738837,16253972230000.0,17.862911,17.776018,0.71,164437.16,16675595000000.0,52790.0,16675595000000.0,2.06933726526059,-2.57236812074952,2.67226004600525,15.4758416244692,6.25388622283936,7.87175035,1.5213223695755,1457785700000.0,,18.881,1.35407520046539,1323368.0,62.822,0.632442116737366,4.14,33.8095331798474,0.0,1.8779,12.25130853,110.35265,3460.2483,4.643358,83.87217,1995.2708,2463.6233,1581.6218,92.79303,8.07
United States,2013,79.0,40.531387,0.57765037,0.8793481,16843190993000.0,53291.1276891406,16843190993000.0,17.982372,18.065367,0.7,170427.39,17188331000000.0,53990.0,17188331000000.0,1.46483265562714,-2.01538414033942,2.70215010643005,15.0366162863828,6.22925806045532,7.91718674,1.51700305938721,1619408300000.0,175.0,18.701,1.47325427864866,1320840.0,62.447,0.643072605133057,,33.8395963014708,0.0,1.8558,12.01959694,110.90881,3504.0398,4.5990844,82.29059,2016.1616,2465.2527,1667.3079,92.80851,7.37
United States,2014,79.0,37.91784,0.58452165,0.8739054,17550680174000.0,55123.8497869046,17550680174000.0,18.141993,18.061697,0.69,180976.45,18043094000000.0,55800.0,18043094000000.0,1.62222297740821,-2.10805505161045,2.71785998344421,14.6219632205577,6.12920570373535,8.22790337,1.46222817897797,1763762300000.0,175.0,18.517,1.35477579214004,1250914.0,62.188,0.582419633865356,4.184653,33.8696594230942,0.0,1.8593,11.82670947,113.119064,3555.4023,4.551153,80.92279,1997.7358,2464.9343,1771.7262,93.2305,6.17
United States,2015,78.9,35.30778,0.5835352,0.86992556,18206020741000.0,56762.7294515989,18206020741000.0,17.852444,17.575426,0.69,196010.1,18660910000000.0,56620.0,18660910000000.0,0.118627135552435,-2.2434721228246,2.78699994087219,14.3303308126227,4.94678020477295,8.46681786,1.43311977386475,1883845200000.0,175.0,18.329,2.23707549539748,1221849.0,62.062,0.662890195846558,,33.8997225447175,0.0,1.8424,11.72720388,117.34951,3617.9136,4.4900126,80.192635,1955.5553,2460.7004,1894.8389,93.8973,5.28
United States,2016,78.8,32.458805,0.5842715,0.8655052,18695110842000.0,57866.7449341091,18695110842000.0,17.309807,17.673655,0.7,216174.12,19020479000000.0,57140.0,19020479000000.0,1.26158320570537,-2.11937229657855,2.85345005989075,14.2449436246033,4.80666017532349,8.58745289,1.44152593612671,1883861900000.0,175.0,18.138,2.48453034184575,1449371.0,62.211,0.385635316371918,4.152011,33.8997225447175,0.0,1.8127,11.71097068,123.84173,3690.4854,4.410844,79.98217,1944.7695,2452.2544,2045.0198,95.07325,4.87
United States,2017,78.8,30.48578,0.5807643,0.85083485,19477336549000.0,59907.754260885,19477336548999.9,17.087513,17.370958,0.68,230714.17,19885551000000.0,59220.0,19885550999999.9,2.13011000365963,-1.88739358215214,2.9054799079895,13.998628576041,5.12287998199463,8.56208706,1.51739835739136,1868369800000.0,175.0,17.942,2.15609905051382,1377630.0,62.307,0.26220178604126,,33.8669264120375,0.0,1.7598,11.716625320000002,119.16467,3714.166,4.344497,79.80589,1932.6229,2445.6736,2136.042,94.62633,4.36
United States,2018,79.0,30.60843,0.5840612,0.84913343,20533057312000.0,62823.309438197,20533057312000.1,17.476597,17.870535,0.66,245596.19,20937355000000.0,63460.0,20937355000000.1,2.44258329692818,-2.14216028970484,3.01234006881714,13.9625188613509,4.92889022827148,8.53671169,1.53704130649567,1865644500000.0,175.0,17.744,2.44141502630097,1200796.0,62.373,0.386042565107346,4.05,33.8669264120375,0.0,1.7179,11.91659035,116.08273,3773.0208,4.3769073,80.3719,2000.8594,2454.7253,2173.4153,,3.9
United States,2019,79.1,30.743223,0.5807811,0.84769803,21380976119000.0,65120.3946628653,21380976119000.0,17.027067,17.406933,0.65,263819.84,21764537000000.0,66130.0,21764537000000.0,1.81221007526015,-2.06607966606092,3.17383003234863,14.0722246882184,4.98727989196777,8.59579563,1.45355904102325,1938752300000.0,175.0,17.541,3.42708988830508,1158444.0,62.628,0.117876663804054,,33.8669264120375,0.0,1.6892,12.34926982,113.67257,3822.2302,4.422174,81.82733,2041.9507,2478.5923,2218.2102,,3.67
