country,date,life_expectancy,fertility_rate,GDP,GDP_per_capita,GDP_PPP,GNI,GNI_per_capita,GNI_PPP,political_stability,interest_rates,income_tax,education_pct_government_expenditure,government_effectiveness,labour_participation,migration,rural_living_pct_popoluation,health_pct_government_expenditure,government_expenditure_pct_GDP,R&D_expenditure_pct_GDP,current_account_pct_GDP,inflation,forest_area,global_carbon_budget,environmental_occupational_risks,greenhouse_gas_emissions,renewable_electricity_capacity,trade_transport_quality,literacy_rate,alcohol_use_disorders,income_inequality,wealth_inequality,child_mortality,body_mass_index,hours_to_file_taxes,drug_use,mental_health,pedestrian_road_injuries,pollution,bullying_victimisation,forest_depletion_pct_GNI,unsafe_water,unemployment
United Kingdom,2019 QR:0,0.7808907192741228,0.3343349292573592,0.26347357031673235,0.7145444233565854,0.2963225615060603,0.2595231511958258,0.8091220047273247,0.28942785361558565,0.586377787944226,0.21915872798725644,0.47300477902700955,0.6721625895377414,0.8741588183741147,0.5624648523714892,0.4398796813165249,0.25861403801120886,0.9267025493824557,0.5768432771778225,0.6280121979507307,0.46067251914509555,0.42870244110525935,0.3037750013973528,0.5808966405598603,0.32870503636521375,0.48066494608097976,0.4935650289146558,0.898799130730092,0.7200380581666636,0.9635000392176423,0.27346752207786373,0.2954477420933488,0.3028757070761199,0.4415529639346829,0.3342330731430536,0.3516035814936451,0.7908936859264157,0.2231219491280254,0.28829031595237,0.401706199657192,0.40592395033084006,0.3723813254012214,0.41043109120243315
United Kingdom,2019 QR:1,0.7812500881702862,0.3349383741246008,0.2631505773507059,0.7124718459454797,0.2967511731680963,0.2591183188383721,0.8076013858354631,0.2897521399080638,0.5856981755237713,0.21637438264491493,0.4731625621849287,0.6745434973660593,0.8730658898241206,0.5631130530104942,0.44025607972821845,0.2586062678934752,0.9277586869066843,0.5770669421758654,0.6279570339279772,0.46017618278693107,0.42961818095499815,0.3039869783734517,0.5794491762131404,0.328509785725442,0.4799806107416078,0.4943553559215017,0.8982358068586382,0.7201937807798201,0.9650966541414459,0.2724139286823597,0.29639506381599734,0.3030970697479827,0.44000825920043773,0.3352536492652014,0.348657717705958,0.7914708273103521,0.222800026549137,0.28629566674842266,0.40130684983525056,0.4059239963217942,0.37263018328288,0.41077103159722617
United Kingdom,2019 QR:2,0.7816094570664491,0.3355418189918433,0.262827584384679,0.7103992685343741,0.2971797848301323,0.25871348648091885,0.8060807669436034,0.29007642620054197,0.5850185631033167,0.21359003730256987,0.4733203453428476,0.6769244051943808,0.8719729612741247,0.5637612536494983,0.44063247813991246,0.2585984977757415,0.9288148244309111,0.5772906071739086,0.6279018699052237,0.4596798464287666,0.43053392080473696,0.30419895534955055,0.5780017118664187,0.32831453508567,0.47929627540223585,0.4951456829283476,0.8976724829871854,0.7203495033929767,0.9666932690652477,0.27136033528685566,0.2973423855386459,0.3033184324198457,0.4384635544661908,0.3362742253873474,0.34571185391827086,0.7920479686942894,0.22247810397024814,0.28430101754447534,0.4009075000133091,0.4059240423127484,0.3728790411645386,0.4111109719920196
United Kingdom,2019 QR:3,0.7819688259626125,0.33614526385908494,0.26250459141865257,0.708326691123272,0.2976083964921683,0.2583086541234656,0.8045601480517437,0.2904007124930197,0.584338950682862,0.21080569196022836,0.47347812850076676,0.6793053130226987,0.8708800327241288,0.5644094542885032,0.4410088765516065,0.25859072765800784,0.929870961955138,0.5775142721719517,0.6278467058824702,0.4591835100706021,0.43144966065447665,0.30441093232564964,0.5765542475196987,0.328119284445898,0.4786119400628639,0.4959360099351935,0.8971091591157325,0.7205052260061332,0.9682898839890512,0.2703067418913516,0.29828970726129445,0.3035397950917085,0.4369188497319456,0.3372948015094952,0.34276599013058373,0.7926251100782267,0.22215618139135973,0.282306368340528,0.4005081501913681,0.4059240883037026,0.37312789904619725,0.41145091238681264
United Kingdom,2020 QR:0,0.7823281948587759,0.33674870872632745,0.2621815984526257,0.7062541137121663,0.2980370081542043,0.2579038217660119,0.803039529159884,0.29072499878549785,0.5836593382624082,0.20802134661788685,0.4736359116586857,0.6816862208510166,0.8697871041741347,0.5650576549275081,0.44138527496330004,0.25858295754027416,0.9309270994793648,0.5777379371699949,0.6277915418597166,0.4586871737124376,0.43236540050421546,0.3046229093017485,0.5751067831729788,0.3279240338061262,0.47792760472349194,0.4967263369420394,0.8965458352442788,0.7206609486192898,0.9698864989128531,0.26925314849584936,0.299237028983943,0.3037611577635715,0.43537414499770044,0.338315377631643,0.3398201263428966,0.7932022514621639,0.22183425881247087,0.28031171913657715,0.40010880036942664,0.40592413429465674,0.3733767569278559,0.4117908527816061
United Kingdom,2020 QR:1,0.7826875637549389,0.33735215359356907,0.2618586054865988,0.7041815363010606,0.2984656198162403,0.25749898940855864,0.8015189102680242,0.29104928507797556,0.5829797258419536,0.20523700127554534,0.4737936948166048,0.684067128679338,0.8686941756241389,0.5657058555665131,0.44176167337499406,0.2585751874225405,0.9319832370035916,0.577961602168038,0.6277363778369631,0.45819083735427224,0.43328114035395426,0.3048348862778474,0.5736593188262589,0.32772878316635423,0.4772432693841191,0.4975166639488853,0.8959825113728259,0.7208166712324463,0.9714831138366566,0.2681995551003453,0.30018435070659066,0.3039825204354345,0.43382944026345527,0.339335953753789,0.33687426255520947,0.7937793928461012,0.22151233623358246,0.27831706993262983,0.39970945054748563,0.4059241802856109,0.3736256148095145,0.4121307931763991
United Kingdom,2020 QR:2,0.7830469326511023,0.3379555984608116,0.26153561252057234,0.702108958889955,0.2988942314782763,0.2570941570511054,0.7999982913761627,0.2913735713704537,0.5823001134214989,0.20245265593320383,0.47395147797452397,0.686448036507656,0.8676012470741448,0.5663540562055172,0.44213807178668807,0.2585674173048068,0.9330393745278185,0.578185267166081,0.6276812138142096,0.45769450099610776,0.43419688020369307,0.30504686325394625,0.5722118544795389,0.32753353252658224,0.47655893404474714,0.4983069909557303,0.8954191875013731,0.7209723938456029,0.9730797287604585,0.2671459617048413,0.3011316724292392,0.3042038831072973,0.4322847355292101,0.3403565298759368,0.33392839876752234,0.7943565342300385,0.2211904136546936,0.2763224207286825,0.3993101007255442,0.4059242262765651,0.37387447269117313,0.41247073357119257
United Kingdom,2020 QR:3,0.7834063015472656,0.3385590433280532,0.26121261955454544,0.7000363814788528,0.2993228431403123,0.25668932469365213,0.798477672484303,0.2916978576629319,0.5816205010010451,0.19966831059085877,0.4741092611324429,0.6888289443359739,0.8665083185241489,0.5670022568445221,0.44251447019838164,0.25855964718707314,0.9340955120520453,0.5784089321641241,0.6276260497914562,0.45719816463794327,0.4351126200534319,0.30525884023004535,0.570764390132819,0.32733828188681025,0.4758745987053752,0.49909731796257617,0.8948558636299202,0.7211281164587594,0.974676343684262,0.26609236830933725,0.30207899415188777,0.3044252457791603,0.43074003079496315,0.3413771059980846,0.3309825349798352,0.7949336756139749,0.2208684910758052,0.27432777152473165,0.39891075090360273,0.40592427226751926,0.37412333057283176,0.41281067396598603
United Kingdom,2021 QR:0,0.7837656704434286,0.3391624881952957,0.260889626588519,0.6979638040677472,0.2997514548023483,0.25628449233619843,0.7969570535924433,0.2920221439554096,0.5809408885805905,0.19688396524851726,0.47426704429036204,0.6912098521642953,0.865415389974153,0.567650457483527,0.44289086861007565,0.2585518770693394,0.9351516495762722,0.5786325971621673,0.6275708857687027,0.4567018282797788,0.4360283599031707,0.3054708172061442,0.5693169257860973,0.3271430312470385,0.47519026336600323,0.49988764496942206,0.8942925397584665,0.721283839071916,0.9762729586080638,0.2650387749138332,0.3030263158745363,0.3046466084510231,0.429195326060718,0.34239768212023236,0.3280366711921481,0.7955108169979122,0.22054656849691634,0.2723331223207843,0.3985114010816617,0.4059243182584734,0.3743721884544904,0.41315061436077904
United Kingdom,2025,0.7895155727820407,0.34881760607116963,0.2557217391320914,0.6648025654900742,0.3066092413949244,0.24980717461694457,0.7726271513226823,0.2972107246350575,0.5700670898533202,0.15233443977104244,0.476791574817067,0.7293043774173995,0.8479285331742297,0.5780216677076027,0.4489132431971772,0.2584275551856006,0.9520498499639052,0.5822112371308572,0.6266882614046466,0.44876044654914526,0.45068019749899246,0.30886244882372704,0.5461574962385729,0.3240190210106877,0.4642408979360493,0.5125328770789546,0.8852793578152163,0.7237754008824212,1.0018187973889088,0.24818128058577393,0.3181834634369114,0.30818841120082974,0.4044800503127899,0.3587269000745881,0.280902850589154,0.8047450791409068,0.21539580723469776,0.24041873505761302,0.39212180393060114,0.4059250541137402,0.37835391456102885,0.4185896606774713
United Kingdom,2030,0.7967029507053054,0.3608865034160118,0.24926187981155712,0.6233510172679821,0.31518147463564405,0.2417105274678768,0.7422147734854807,0.30369645048461713,0.5564748414442322,0.09664753292419448,0.47994723797544814,0.7769225339837789,0.8260699621743246,0.5909856804876972,0.4564412114310543,0.2582721528309271,0.9731726004484438,0.5866845370917197,0.6255849809495766,0.4388337193858538,0.46899499449377036,0.31310198834570535,0.5172082093041688,0.32011400821524916,0.4505541911486075,0.5283394172158689,0.8740128803861538,0.7268898531455527,1.0337510958649627,0.22710941267570028,0.3371298978898798,0.3126156646380882,0.37358595562787933,0.37913842251753493,0.22198557483541492,0.8162879068196487,0.20895735565692464,0.2005257509786489,0.38413480749177564,0.4059259739328236,0.38333107219420226,0.4253884685733369
United Kingdom,2035,0.8038903286285706,0.372955400760854,0.24280202049102328,0.5818994690458936,0.3237537078763637,0.23361388031880947,0.7118023956482791,0.3101821763341768,0.5428825930351442,0.04096062607735007,0.48310290113382925,0.8245406905501582,0.8042113911744195,0.6039496932677908,0.46396917966493145,0.25811675047625354,0.9942953509329842,0.5911578370525821,0.6244817004945065,0.42890699222256146,0.48730979148854825,0.3173415278676839,0.48825892236976287,0.3162089954198106,0.43686748436116574,0.544145957352784,0.8627464029570922,0.7300043054086841,1.0656833943410167,0.20603754476562663,0.3560763323428482,0.31704291807534646,0.3426918609429688,0.39954994496048,0.1630682990816723,0.8278307344983915,0.20251890407915152,0.16063276689968475,0.37614781105295014,0.40592689375190705,0.38830822982737523,0.4321872764692021
United Kingdom,2040,0.8110777065518353,0.38502429810569616,0.236342161170489,0.5404479208238016,0.3323259411170838,0.2255172331697417,0.6813900178110774,0.3166679021837364,0.5292903446260562,-0.014726280769494338,0.48625856429221037,0.8721588471165411,0.7823528201745145,0.6169137060478853,0.4714971478988086,0.25796134812158,1.0154181014175245,0.5956311370134446,0.6233784200394364,0.41898026505927,0.5056245884833261,0.3215810673896624,0.45930963543535874,0.3123039826243721,0.42318077757372397,0.5599524974896992,0.8514799255280296,0.7331187576718156,1.0976156928170706,0.18496567685555299,0.3750227667958166,0.3214701715126047,0.3117977662580582,0.4199614674034269,0.10415102332792969,0.8393735621771343,0.1960804525013784,0.12073978282071707,0.36816081461412464,0.40592781357099045,0.39328538746054864,0.4389860843650677
United Kingdom,2045,0.8182650844751,0.39709319545053745,0.22988230184995473,0.4989963726017095,0.34089817435780345,0.21742058602067393,0.650977639973874,0.32315362803329606,0.5156980962169673,-0.07041318761633875,0.4894142274505917,0.9197770036829205,0.7604942491746094,0.6298777188279798,0.4790251161326857,0.2578059457669065,1.036540851902065,0.6001044369743069,0.6222751395843664,0.40905353789597765,0.523939385478104,0.3258206069116407,0.43036034850095284,0.30839896982893356,0.4094940707862822,0.5757590376266144,0.8402134480989671,0.736233209934947,1.1295479912931263,0.16389380894547934,0.39396920124878587,0.32589742494986296,0.28090367157314766,0.44037298984637196,0.04523374757419063,0.8509163898558771,0.18964200092360528,0.08084679874175293,0.36017381817529914,0.4059287333900739,0.3982625450937216,0.4457848922609329
United Kingdom,2050,0.8254524623983648,0.40916209279537963,0.22342244252942045,0.45754482437962096,0.34947040759852355,0.2093239388716066,0.6205652621366724,0.3296393538828557,0.5021058478078793,-0.1261000944631867,0.4925698906089728,0.9673951602493034,0.7386356781747043,0.6428417316080743,0.48655308436656286,0.257650543412233,1.0576636023866053,0.6045777369351695,0.6211718591292963,0.3991268107326862,0.5422541824728819,0.33006014643361925,0.4014110615665487,0.304493957033495,0.3958073639988404,0.5915655777635296,0.8289469706699046,0.7393476621980785,1.1614802897691803,0.1428219410354057,0.41291563570175427,0.3303246783871212,0.2500095768882371,0.4607845122893188,-0.013683528179551985,0.86245921753462,0.18320354934583216,0.0409538146627888,0.35218682173647364,0.4059296532091573,0.403239702726895,0.4525837001567985
United States,2019 QR:0,0.699472674770369,0.3258729975995722,1.0,0.8546810714162651,1.0,1.0,0.9899786570747624,1.0,0.6164036629016421,0.37723047941985577,0.4729568798359587,0.6153079487062136,0.8725468748978091,0.5282201206987853,1.0,0.27230284731224397,0.9795224120118178,0.4192413727076767,0.9178231066683651,0.5318814652684214,0.40904881202985033,0.5180872168839208,0.948186244097128,0.3241285645095222,0.7880490469294128,0.7306074294826648,0.8998454958382904,0.5743370400823489,0.7438494477497761,0.5528384587640165,0.8588873745006573,0.32517394912614117,0.6419153961091357,0.4195910682635988,1.0,0.8341092794827318,0.31360997298724147,0.2241751111594006,0.8259798270532224,0.4047360965649013,0.37260735014564217,0.42053155795995734
United States,2019 QR:1,0.6990732673390494,0.3256192719885229,1.0,0.8537308082452482,1.0,1.0,0.9899707028264769,1.0,0.6166428645304023,0.3764523533364379,0.47271340717721366,0.6131797417030427,0.8719219127113442,0.5271183098378867,1.0,0.272539736736531,0.9815654482532032,0.4185156965270709,0.9183813487977099,0.5333712452076043,0.409482499321558,0.5183597509243032,0.9474352409056142,0.3240535629429767,0.7881648542586921,0.7304558821824381,0.8984098172436479,0.5739406841508794,0.7439535152281066,0.5537215535876845,0.8614133898585941,0.3255731017317385,0.6420432040274775,0.4200732835412633,1.0,0.8317136027626013,0.31409333760789826,0.22117530787350148,0.826039318577322,0.40471329921420285,0.3728551186793605,0.4208665327933869
United States,2019 QR:2,0.6986738599077293,0.3253655463774736,1.0,0.8527805450742321,1.0,1.0,0.9899627485781916,1.0,0.6168820661591625,0.3756742272530209,0.47246993451846886,0.6110515346998682,0.8712969505248784,0.526016498976988,1.0,0.2727766261608182,0.9836084844945923,0.41779002034646595,0.9189395909270539,0.5348610251467889,0.4099161866132657,0.5186322849646856,0.9466842377141003,0.3239785613764311,0.7882806615879714,0.7303043348822111,0.8969741386490071,0.5735443282194099,0.7440575827064371,0.5546046484113525,0.8639394052165343,0.32597225433733623,0.6421710119458193,0.4205554988189282,1.0,0.8293179260424672,0.3145767022285546,0.21817550458760238,0.8260988101014217,0.4046905018635043,0.3731028872130784,0.4212015076268161
United States,2019 QR:3,0.6982744524764093,0.32511182076642386,1.0,0.851830281903216,1.0,1.0,0.9899547943299061,1.0,0.6171212677879225,0.37489610116960304,0.47222646185972383,0.6089233276966937,0.8706719883384135,0.5249146881160911,1.0,0.27301351558510545,0.9856515207359777,0.417064344165861,0.9194978330563979,0.5363508050859718,0.4103498739049738,0.518904819005068,0.9459332345225864,0.3239035598098856,0.7883964689172508,0.7301527875819842,0.8955384600543645,0.5731479722879405,0.7441616501847675,0.5554877432350214,0.8664654205744746,0.32637140694293354,0.642298819864161,0.4210377140965931,1.0,0.8269222493223367,0.3150600668492114,0.21517570130170327,0.8261583016255212,0.4046677045128058,0.37335065574679627,0.42153648246024567
United States,2020 QR:0,0.6978750450450897,0.32485809515537456,1.0,0.850880018732199,1.0,1.0,0.9899468400816206,1.0,0.6173604694166828,0.37411797508618516,0.47198298920097903,0.6067951206935192,0.8700470261519477,0.5238128772551924,1.0,0.27325040500939246,0.9876945569773632,0.4163386679852561,0.9200560751857427,0.5378405850251564,0.41078356119668147,0.5191773530454504,0.9451822313310725,0.32382855824334,0.7885122762465301,0.7300012402817575,0.894102781459722,0.5727516163564714,0.744265717663098,0.5563708380586894,0.8689914359324113,0.3267705595485313,0.6424266277825028,0.42151992937425753,1.0,0.8245265726022026,0.31554343146986774,0.21217589801580417,0.8262177931496208,0.4046449071621073,0.3735984242805146,0.4218714572936748
United States,2020 QR:1,0.6974756376137696,0.32460436954432526,1.0,0.8499297555611829,1.0,1.0,0.9899388858333352,1.0,0.617599671045443,0.3733398490027682,0.471739516542234,0.6046669136903446,0.8694220639654828,0.5227110663942938,1.0,0.2734872944336797,0.9897375932187522,0.41561299180465117,0.9206143173150867,0.5393303649643393,0.4112172484883896,0.5194498870858328,0.9444312281395586,0.3237535566767945,0.7886280835758094,0.7298496929815306,0.8926671028650812,0.572355260425002,0.7443697851414285,0.5572539328823574,0.8715174512903516,0.3271697121541286,0.6425544357008446,0.42200214465192243,1.0,0.8221308958820721,0.31602679609052453,0.20917609472990506,0.8262772846737204,0.4046221098114088,0.3738461928142325,0.42220643212710396
United States,2020 QR:2,0.69707623018245,0.32435064393327595,1.0,0.8489794923901668,1.0,1.0,0.9899309315850497,1.0,0.617838872674203,0.3725617229193503,0.471496043883489,0.6025387066871737,0.868797101779017,0.5216092555333969,1.0,0.2737241838579667,0.9917806294601377,0.41488731562404535,0.9211725594444307,0.5408201449035221,0.41165093578009726,0.5197224211262153,0.9436802249480447,0.3236785551102489,0.7887438909050888,0.7296981456813039,0.8912314242704387,0.5719589044935325,0.744473852619759,0.5581370277060254,0.8740434666482884,0.32756886475972635,0.6426822436191864,0.4224843599295873,1.0,0.819735219161938,0.3165101607111809,0.20617629144400595,0.82633677619782,0.40459931246071035,0.37409396134795037,0.42254140696053355
United States,2020 QR:3,0.69667682275113,0.32409691832222665,1.0,0.8480292292191507,1.0,1.0,0.9899229773367643,1.0,0.6180780743029632,0.37178359683593243,0.4712525712247442,0.6004104996839992,0.8681721395925521,0.5205074446724982,1.0,0.27396107328225394,0.9938236657015231,0.4141616394434404,0.9217308015737746,0.5423099248427068,0.4120846230718054,0.5199949551665977,0.9429292217565317,0.3236035535437034,0.7888596982343681,0.7295465983810769,0.8897957456757961,0.571562548562063,0.7445779200980894,0.5590201225296934,0.8765694820062286,0.3279680173653241,0.6428100515375281,0.4229665752072522,1.0,0.8173395424418075,0.31699352533183767,0.2031764881581033,0.8263962677219197,0.4045765151100118,0.3743417298816687,0.4228763817939627
United States,2021 QR:0,0.6962774153198099,0.3238431927111769,1.0,0.8470789660481337,1.0,1.0,0.9899150230884789,1.0,0.6183172759317235,0.37100547075251544,0.47100909856599915,0.5982822926808247,0.8675471774060863,0.5194056338115995,1.0,0.2741979627065412,0.9958667019429122,0.4134359632628355,0.9222890437031195,0.5437997047818897,0.41251831036351305,0.5202674892069801,0.9421782185650178,0.3235285519771578,0.7889755055636474,0.7293950510808502,0.8883600670811536,0.5711661926305935,0.7446819875764199,0.5599032173533613,0.8790954973641654,0.3283671699709214,0.6429378594558699,0.4234487904849167,1.0,0.8149438657216734,0.317476889952494,0.2001766848722042,0.8264557592460192,0.40455371775931337,0.3745894984153866,0.42321135662739184
United States,2025,0.6898868964186917,0.31978358293438713,1.0,0.8318747553118726,1.0,1.0,0.9897877551159118,1.0,0.6221445019918859,0.3585554534178339,0.4671135360260803,0.5642309806300467,0.8575477824226407,0.5017766600372315,1.0,0.2779881934951356,1.0285552818050974,0.401825144373154,0.9312209177726265,0.5676361838088297,0.4194573070308394,0.5246280338530986,0.9301621675007956,0.32232852691242897,0.7908284228321166,0.7269702942772209,0.8653892095668798,0.5648244977270833,0.7463470672297075,0.5740327345320511,0.919511743091185,0.33475361166048234,0.6449827861493385,0.4311642349275533,1.0,0.7766130381995566,0.32521072388299954,0.15217983229781495,0.8274076236316128,0.4041889601481374,0.3785537949548754,0.42857095396226086
United States,2030,0.6818987477922942,0.31470907071339926,1.0,0.8128694918915453,1.0,1.0,0.989628670150203,1.0,0.626928534567089,0.34299293174948264,0.46224408285118157,0.5216668405665708,0.8450485386933337,0.47974044281926886,1.0,0.2827259819808787,1.0694160066328315,0.38731162076105186,0.9423857603595112,0.5974317825925031,0.42813105286499686,0.5300787146607469,0.9151421036705187,0.32082849558151794,0.7931445694177033,0.7239393482726844,0.8366756376740394,0.5568973790976952,0.748428416796317,0.5916946310054136,0.9700320502499586,0.3427366637724334,0.6475389445161741,0.4408085404808486,1.0,0.7286995037969106,0.33487801629613134,0.0921837665798293,0.8285974541136047,0.40373301313416743,0.38350916562923576,0.43527045063084735
United States,2035,0.6739105991658962,0.3096345584924114,1.0,0.7938642284712181,1.0,1.0,0.9894695851844941,1.0,0.6317125671422923,0.3274304100811305,0.45737462967628284,0.47910270050309833,0.8325492949640267,0.4577042256013062,1.0,0.28746377046662186,1.1102767314605657,0.37279809714894974,0.9535506029463949,0.6272273813761782,0.4368047986991548,0.5355293954683951,0.9001220398402419,0.3193284642506069,0.7954607160032898,0.7209084022681478,0.8079620657811972,0.5489702604683071,0.7505097663629265,0.6093565274787753,1.0205523574087323,0.35071971588438444,0.6500951028830095,0.45045284603414393,1.0,0.6807859693942646,0.3445453087092627,0.03218770086184364,0.8297872845955967,0.40327706612019754,0.38846453630359656,0.4419699472994334
United States,2040,0.6659224505394987,0.30456004627142397,1.0,0.7748589650508908,1.0,1.0,0.9893105002187852,1.0,0.6364965997174954,0.31186788841277924,0.45250517650138433,0.43653856043962236,0.8200500512347189,0.4356680083833453,1.0,0.29220155895236477,1.1511374562882963,0.3582845735368476,0.9647154455332796,0.6570229801598515,0.44547854453331226,0.5409800762760433,0.885101976009965,0.31782843291969587,0.7977768625888764,0.7178774562636112,0.779248493888355,0.5410431418389194,0.7525911159295361,0.6270184239521379,1.071072664567506,0.3587027679963355,0.6526512612498452,0.46009715158743925,1.0,0.6328724349916186,0.3542126011223945,-0.02780836485614202,0.8309771150775886,0.40282111910622753,0.39341990697795737,0.4486694439680199
United States,2045,0.6579343019131008,0.2994855340504361,1.0,0.7558537016305635,1.0,1.0,0.9891514152530764,1.0,0.6412806322926985,0.296305366744428,0.4476357233264856,0.3939744203761464,0.8075508075054119,0.4136317911653826,1.0,0.2969393474381079,1.1919981811160305,0.3437710499247446,0.9758802881201643,0.6868185789435248,0.45415229036746974,0.5464307570836915,0.8700819121796881,0.31632840158878484,0.8000930091744629,0.7148465102590746,0.7505349219955129,0.5331160232095313,0.7546724654961456,0.6446803204254996,1.1215929717262796,0.36668582010828654,0.6552074196166808,0.46974145714073456,1.0,0.5849589005889726,0.3638798935355263,-0.08780443057412768,0.8321669455595806,0.40236517209225764,0.39837527765231817,0.45536894063660593
United States,2050,0.6499461532867032,0.29441102182944867,1.0,0.7368484382102372,1.0,1.0,0.9889923302873675,1.0,0.6460646648679016,0.2807428450760767,0.44276627015158687,0.35141028031267396,0.7950515637761049,0.3915955739474217,1.0,0.30167713592385104,1.2328589059437647,0.3292575263126425,0.987045130707048,0.7166141777271999,0.46282603620162766,0.5518814378913397,0.8550618483494103,0.3148283702578738,0.8024091557600495,0.7118155642545381,0.7218213501026707,0.5251889045801432,0.7567538150627551,0.6623422168988622,1.1721132788850532,0.3746688722202376,0.6577635779835163,0.4793857626940303,1.0,0.5370453661863266,0.37354718594865766,-0.14780049629211334,0.8333567760415725,0.4019092250782877,0.403330648326679,0.4620684373051924
France,2019 QR:0,0.8226328965111538,0.35622885685635985,0.2639654722789789,0.7120505768341605,0.29682416938774603,0.2655709786266178,0.8190327209754034,0.2952476445785508,0.5474004400878787,NaN,0.4729988866004914,0.6299463405907222,0.84219962554298,0.38295067170081193,0.2899899405611812,0.29044779042968644,0.9400380248227728,0.6936396445370683,0.7539243672472435,0.5325759385494795,0.3900636784851548,0.49180699802910954,0.5187498801827646,0.3203324234847541,0.43565985896574233,0.5014872125897232,0.8727566653533403,0.7186309913049858,0.6484728417313681,0.12139279675194636,0.28007998444284077,0.29841914284447046,0.3293701471424768,0.3755028597391856,0.23384512676927827,0.9480342310614223,0.25632435760442007,0.4343249295919822,0.6895741470945307,0.4043681871591768,0.3727217782343222,0.5837214058258926
France,2019 QR:1,0.8231550027706449,0.3567831193630342,0.263923229793777,0.7111691357087775,0.29726513294948864,0.26549996392655106,0.8190216515534867,0.29564123465063696,0.5456548428538763,NaN,0.47315167094152766,0.6297679818568691,0.8411198143774428,0.38304126727377014,0.28897311009042603,0.29049388655790753,0.9400690929211881,0.6942599404645549,0.7537634543377016,0.5322489815700142,0.39058913248456584,0.49241433526136547,0.5182659821496638,0.32030853073207577,0.4359894633309498,0.5013378402406081,0.8724166297304086,0.7194330315853064,0.6475890145784851,0.11972724708527593,0.2806149031720784,0.29867154554872677,0.3284983821245815,0.37663121698725277,0.23169317792084598,0.9472546012931318,0.25504095424535045,0.4330007120576731,0.6884751378272647,0.40432994238027603,0.3729715775246394,0.5848569409096758
France,2019 QR:2,0.823677109030136,0.35733738186970854,0.2638809873085752,0.7102876945833945,0.2977060965112317,0.2654289492264843,0.8190105821315702,0.2960348247227227,0.543909245619874,NaN,0.47330445528256393,0.629589623123016,0.8400400032119055,0.38313186284672834,0.28795627961967263,0.29053998268612863,0.9401001610196034,0.6948802363920414,0.7536025414281597,0.5319220245905485,0.391114586483976,0.4930216724936223,0.517782084116563,0.32028463797939744,0.43631906769615725,0.5011884678914933,0.8720765941074773,0.720235071865627,0.6467051874256029,0.1180616974186055,0.281149821901316,0.2989239482529831,0.3276266171066853,0.37775957423531814,0.22954122907241725,0.9464749715248404,0.2537575508862826,0.431676494523364,0.6873761285600004,0.4042916976013753,0.3732213768149566,0.5859924759934589
France,2019 QR:3,0.824199215289628,0.3578916443763829,0.26383874482337333,0.7094062534580123,0.2981470600729743,0.26535793452641754,0.8189995127096537,0.2964284147948084,0.5421636483858734,NaN,0.4734572396236002,0.629411264389163,0.8389601920463683,0.38322245841968655,0.2869394491489192,0.2905860788143498,0.9401312291180186,0.695500532319528,0.7534416285186178,0.5315950676110828,0.3916400404833862,0.4936290097258782,0.5172981860834622,0.32026074522671916,0.43664867206136426,0.5010390955423782,0.871736558484546,0.7210371121459476,0.6458213602727199,0.11639614775193685,0.2816847406305545,0.2991763509572394,0.32675485208878907,0.3788879314833853,0.22738928022398497,0.9456953417565499,0.252474147527213,0.43035227698905487,0.6862771192927344,0.4042534528224746,0.3734711761052738,0.5871280110772421
France,2020 QR:0,0.8247213215491191,0.3584459068830572,0.2637965023381714,0.7085248123326293,0.2985880236347169,0.2652869198263508,0.818988443287737,0.29682200486689414,0.540418051151871,NaN,0.4736100239646365,0.6292329056553099,0.8378803808808293,0.38331305399264476,0.28592261867816404,0.2906321749425709,0.9401622972164339,0.6961208282470146,0.7532807156090762,0.531268110631617,0.39216549448279725,0.494236346958135,0.5168142880503614,0.3202368524740409,0.4369782764265717,0.5008897231932634,0.8713965228616147,0.7218391524262682,0.6449375331198377,0.11473059808526642,0.2822196593597921,0.2994287536614961,0.32588308707089375,0.38001628873145243,0.22523733137555624,0.9449157119882585,0.25119074416814513,0.429028059454744,0.6851781100254701,0.40421520804357386,0.373720975395591,0.5882635461610253
France,2020 QR:1,0.8252434278086112,0.35900016938973245,0.2637542598529696,0.7076433712072472,0.29902898719646,0.265215905126284,0.8189773738658205,0.29721559493897987,0.5386724539178687,NaN,0.47376280830567274,0.6290545469214568,0.836800569715292,0.38340364956560297,0.28490578820741064,0.290678271070792,0.9401933653148491,0.6967411241745012,0.7531198026995343,0.5309411536521518,0.3926909484822074,0.49484368419039093,0.5163303900172607,0.32021295972136254,0.4373078807917792,0.5007403508441484,0.8710564872386835,0.7226411927065888,0.6440537059669547,0.11306504841859599,0.2827545780890297,0.29968115636575243,0.32501132205299754,0.3811446459795178,0.22308538252712395,0.944136082219968,0.2499073408090755,0.42770384192043487,0.6840791007582041,0.4041769632646732,0.3739707746859082,0.5893990812448084
France,2020 QR:2,0.8257655340681023,0.3595544318964068,0.2637120173677677,0.7067619300818642,0.2994699507582026,0.26514489042621725,0.818966304443904,0.29760918501106604,0.5369268566838663,NaN,0.473915592646709,0.6288761881876037,0.8357207585497548,0.3834942451385613,0.28388895773665723,0.2907243671990131,0.9402244334132643,0.6973614201019869,0.7529588897899924,0.5306141966726861,0.3932164024816176,0.49545102142264685,0.5158464919841599,0.3201890669686842,0.43763748515698664,0.5005909784950335,0.8707164516157517,0.7234432329869094,0.6431698788140716,0.11139949875192556,0.2832894968182673,0.29993355907000874,0.32413955703510133,0.38227300322758495,0.22093343367869522,0.9433564524516767,0.24862393745000766,0.42637962438612576,0.6829800914909399,0.40413871848577243,0.37422057397622543,0.5905346163285916
France,2020 QR:3,0.8262876403275934,0.36010869440308113,0.2636697748825659,0.7058804889564811,0.29991091431994565,0.2650738757261505,0.8189552350219873,0.29800277508315176,0.5351812594498657,NaN,0.4740683769877453,0.6286978294537506,0.8346409473842176,0.3835848407115195,0.28287212726590205,0.2907704633272342,0.9402555015116797,0.6979817160294735,0.7527979768804505,0.5302872396932203,0.39374185648102866,0.49605835865490366,0.5153625939510591,0.32016517421600593,0.4379670895221941,0.5004416061459185,0.8703764159928205,0.7242452732672309,0.6422860516611895,0.10973394908525513,0.2838244155475049,0.30018596177426504,0.323267792017206,0.3834013604756503,0.21878148483026294,0.9425768226833862,0.24734053409093804,0.42505540685181664,0.6818810822236756,0.4041004737068717,0.37447037326654264,0.5916701514123748
France,2021 QR:0,0.8268097465870854,0.36066295690975547,0.26362753239736403,0.704999047831099,0.30035187788168827,0.2650028610260837,0.8189441656000708,0.2983963651552375,0.5334356622158634,NaN,0.47422116132878156,0.6285194707198978,0.8335611362186803,0.3836754362844777,0.28185529679514865,0.29081655945545537,0.9402865696100949,0.69860201195696,0.7526370639709088,0.5299602827137546,0.39426731048043884,0.4966656958871596,0.5148786959179583,0.3201412814633276,0.4382966938874011,0.5002922337968034,0.8700363803698892,0.7250473135475515,0.6414022245083064,0.10806839941858648,0.28435933427674254,0.30043836447852135,0.3223960269993098,0.38452971772371747,0.2166295359818342,0.9417971929150948,0.2460571307318702,0.42373118931750575,0.6807820729564096,0.404062228927971,0.37472017255685985,0.592805686496158
France,2025,0.8351634467389495,0.3695311570165467,0.2629516526341343,0.6908959898249751,0.3074072948695723,0.26386662582501563,0.8187670548494056,0.30469380630861087,0.5055061064718327,NaN,0.47666571078536213,0.6256657309782487,0.8162841575700792,0.38512496545180913,0.2655860092630835,0.29155409750699324,0.9407836591847393,0.7085267467967444,0.7500624574182391,0.5247289710423053,0.40267457447100696,0.5063830916032606,0.5071363273883462,0.31975899742047464,0.4435703637307191,0.4979022762109644,0.8645958104029874,0.7378799580326829,0.6272609900621839,0.08141960475186494,0.29291803394454696,0.30447680774662356,0.3084477867129749,0.40258343369278116,0.1821983544069461,0.9293231166224398,0.22552267698677042,0.40254370876855283,0.6631979246801691,0.40345031246555946,0.37871696120193477,0.6109742478366851
France,2030,0.8456055719287789,0.3806164071500353,0.2621068029300971,0.673267167317321,0.3162265661044277,0.2624463318236805,0.8185456664110741,0.31256560775032716,0.47059416179179436,NaN,0.4797213976060878,0.6220985563011876,0.7946879342593292,0.3869368769109734,0.24524939984800298,0.29247602007141565,0.9414050211530447,0.7209326653464752,0.7468441992274022,0.5181898314529931,0.4131836544592167,0.518529836248387,0.49745836672633104,0.3192811423669084,0.45016245103486696,0.4949148292286656,0.8577950979443596,0.7539207636390977,0.6095844470045302,0.048108611418463454,0.30361640852930183,0.30952486183175143,0.29101248635505694,0.4251505786541099,0.1391593774383324,0.9137305212566202,0.1998546098053957,0.3760593580823617,0.6412177393348664,0.4026854168875451,0.38371294700827896,0.6336849495123449
France,2035,0.8560476971186093,0.3917016572835248,0.2612619532260599,0.6556383448096668,0.32504583733928305,0.26102603782234546,0.8183242779727427,0.32043740919204344,0.43568221711175603,NaN,0.4827770844268132,0.6185313816241265,0.7730917109485791,0.38874878837013777,0.22491279043292245,0.293397942635838,0.9420263831213501,0.7333385838962059,0.7436259410365653,0.511650691863681,0.4236927344474273,0.5306765808935134,0.48778040606431583,0.3188032873133422,0.45675453833901436,0.4919273822463668,0.8509943854857323,0.7699615692455124,0.5919079039468764,0.01479761808506197,0.3143147831140576,0.31457291591687886,0.273577185997139,0.4477177236154386,0.09612040046972226,0.8981379258908015,0.17418654262401922,0.34957500739617053,0.6192375539895654,0.4019205213095307,0.38870893281462315,0.6563956511880047
France,2040,0.8664898223084387,0.4027869074170134,0.26041710352202274,0.6380095223020126,0.333865108574138,0.2596057438210103,0.8181028895344111,0.3283092106337602,0.4007702724317177,NaN,0.4858327712475389,0.6149642069470653,0.7514954876378273,0.39056069982930214,0.20457618101784192,0.2943198652002604,0.9426477450896555,0.7457445024459357,0.7404076828457282,0.5051115522743692,0.434201814435637,0.542823325538639,0.4781024454023006,0.31832543225977594,0.46334662564316176,0.48893993526406776,0.8441936730271049,0.7860023748519271,0.5742313608892227,-0.018513375248339514,0.32501315769881245,0.3196209700020063,0.25614188563922013,0.4702848685767673,0.05308142350111211,0.8825453305249829,0.14851847544264452,0.3230906567099794,0.5972573686442626,0.4011556257315163,0.3937049186209669,0.6791063528636645
France,2045,0.8769319474982691,0.4138721575505029,0.25957225381798554,0.6203806997943584,0.34268437980899336,0.2581854498196752,0.8178815010960797,0.33618101207547646,0.36585832775167937,NaN,0.48888845806826453,0.6113970322700042,0.7298992643270772,0.3923726112884664,0.1842395716027614,0.29524178776468274,0.9432691070579609,0.7581504209956664,0.7371894246548913,0.49857241268505703,0.4447108944238476,0.5549700701837654,0.4684244847402854,0.31784757720620976,0.46993871294730916,0.48595248828176896,0.8373929605684776,0.8020431804583419,0.5565548178315689,-0.05182436858173922,0.3357115322835673,0.32466902408713416,0.23870658528130217,0.4928520135380978,0.01004244653250197,0.8669527351591633,0.1228504082612698,0.29660630602378824,0.5752771832989616,0.4003907301535019,0.3987009044273111,0.7018170545393243
France,2050,0.8873740726880985,0.4249574076839915,0.2587274041139484,0.6027518772867042,0.35150365104384873,0.25676515581834014,0.8176601126577482,0.3440528135171932,0.33094638307164104,NaN,0.49194414488898996,0.6078298575929431,0.7083030410163271,0.3941845227476308,0.16390296218768086,0.2961637103291051,0.9438904690262664,0.7705563395453963,0.7339711664640545,0.49203327309574485,0.4552199744120573,0.567116814828891,0.4587465240782702,0.3173697221526436,0.47653080025145655,0.48296504129947015,0.8305922481098498,0.8180839860647566,0.5388782747739151,-0.0851353619151407,0.3464099068683222,0.3297170781722616,0.22127128492338421,0.5154191584994265,-0.032996530436108173,0.8513601397933446,0.0971823410798951,0.2701219553375971,0.5532969979536588,0.3996258345754875,0.4036968902336553,0.7245277562149841
Japan,2019 QR:0,0.8708629142150572,0.2548482698280017,0.3464111056835151,0.6586019849289713,0.38690738642792954,0.35200683199717275,0.7654720339329302,0.38962849173323555,0.7529736150081834,0.3285721952925247,NaN,0.3551749500430912,0.9495541694386009,0.48113377456806883,0.3878219985848066,0.14739536838522582,1.047554265863596,0.585020145500577,0.996989300369302,0.6198967252722931,0.3784321758383786,0.8722178431062204,0.6864383332331805,0.323556176629198,0.5610954620050546,0.5388763143154356,0.9221157668340165,NaN,0.2636505930671893,0.4050774252579785,0.327771376189675,0.28754884540636594,0.24719296984635086,0.3372638236263512,0.1810178714891677,0.17099164166457648,0.2431727311642673,0.29180782714876274,0.0601451726568234,0.4047360965649013,0.3732055119462858,0.2914703426980534
Japan,2019 QR:1,0.8713193019134002,0.2552090562839062,0.34433997640328684,0.6552062638363019,0.3864165055294144,0.3499467845935058,0.7624995992871639,0.3891327342602997,0.7527378527187887,0.327092199931883,NaN,0.3550444864493343,0.9515790661138208,0.48098252803343167,0.38849959296417236,0.1463645392713424,1.051298142653856,0.5859817084193226,0.996931402299481,0.6202395211737075,0.3797905648935753,0.872544965802315,0.686891476309559,0.32370773470373104,0.5626617634661937,0.5391348236958664,0.9212173480648858,NaN,0.2634400253816773,0.4040444963539471,0.3276749191733226,0.28770423637722065,0.24645830923917078,0.3331410890206641,0.17856001094401464,0.1691906371633891,0.2429055986484161,0.2923109148025813,0.05997617897431007,0.40471329921420285,0.37346338458228745,0.29039435873668396
Japan,2019 QR:2,0.8717756896117437,0.2555698427398103,0.3422688471230586,0.6518105427436289,0.3859256246308993,0.3478867371898424,0.7595271646413977,0.38863697678736475,0.7525020904293938,0.3256122045712413,NaN,0.3549140228555776,0.9536039627890407,0.4808312814987945,0.38917718734353723,0.14533371015745722,1.055042019444116,0.5869432713380691,0.9968735042296598,0.6205823170751215,0.38114895394877024,0.87287208849841,0.6873446193859376,0.3238592927782641,0.564228064927331,0.5393933330762977,0.920318929295755,NaN,0.2632294576961651,0.4030115674499175,0.3275784621569702,0.28785962734807513,0.2457236486319916,0.32901835441498406,0.17610215039886512,0.16738963266220175,0.24263846613256534,0.292814002456399,0.05980718529179674,0.4046905018635043,0.37372125721828864,0.28931837477531275
Japan,2019 QR:3,0.8722320773100867,0.2559306291957144,0.34019771784283037,0.648414821650956,0.3854347437323842,0.34582668978617903,0.7565547299956314,0.3881412193144289,0.752266328139999,0.3241322092105996,NaN,0.3547835592618207,0.955628859464257,0.4806800349641571,0.389854781722903,0.1443028810435738,1.0587858962343795,0.5879048342568147,0.9968156061598388,0.6209251129765359,0.38250734300396694,0.873199211194505,0.6877977624623157,0.3240108508527971,0.5657943663884701,0.5396518424567289,0.9194205105266242,NaN,0.26301889001065315,0.4019786385458861,0.32748200514061776,0.2880150183189296,0.2449889880248115,0.32489561980929693,0.17364428985371205,0.16558862816101438,0.24237133361671415,0.29331709011021756,0.05963819160928363,0.4046677045128058,0.37397912985429027,0.28824239081394154
Japan,2020 QR:0,0.8726884650084297,0.25629141565161895,0.3381265885625986,0.645019100558283,0.3849438628338695,0.3437666423825121,0.7535822953498652,0.38764546184149395,0.7520305658506041,0.3226522138499579,NaN,0.354653095668064,0.9576537561394769,0.48052878842951996,0.3905323761022679,0.14327205192968862,1.0625297730246395,0.5888663971755603,0.9967577080900176,0.6212679088779502,0.38386573205916186,0.8735263338906001,0.6882509055386943,0.32416240892733017,0.5673606678496093,0.5399103518371602,0.9185220917574934,NaN,0.2628083223251412,0.4009457096418547,0.32738554812426535,0.2881704092897841,0.24425432741763142,0.3207728852036098,0.17118642930855898,0.16378762365982702,0.2421042011008634,0.29382017776403524,0.0594691979267703,0.4046449071621073,0.37423700249029146,0.2871664068525721
Japan,2020 QR:1,0.8731448527067727,0.25665220210752304,0.33605545928237035,0.6416233794656137,0.3844529819353544,0.3417065949788487,0.7506098607041025,0.3871497043685581,0.7517948035612092,0.3211722184893162,NaN,0.35452263207430734,0.9596786528146968,0.4803775418948828,0.39120997048163364,0.1422412228158052,1.066273649814903,0.5898279600943068,0.9966998100201965,0.6216107047793646,0.38522412111435855,0.8738534565866947,0.6887040486150728,0.3243139670018632,0.5689269693107484,0.540168861217591,0.9176236729883627,NaN,0.262597754639629,0.3999127807378233,0.32728909110791293,0.2883258002606386,0.24351966681045223,0.3166501505979227,0.16872856876340592,0.16198661915863966,0.2418370685850122,0.2943232654178538,0.05930020424425697,0.4046221098114088,0.37449487512629265,0.2860904228912009
Japan,2020 QR:2,0.8736012404051157,0.25701298856342714,0.3339843300021421,0.6382276583729407,0.38396210103683925,0.3396465475751853,0.7476374260583363,0.38665394689562316,0.7515590412718145,0.3196922231286745,NaN,0.35439216848055044,0.9617035494899131,0.48022629536024564,0.3918875648609994,0.14121039370192,1.070017526605163,0.5907895230130524,0.9966419119503753,0.6219535006807786,0.3865825101695535,0.8741805792827897,0.6891571916914514,0.32446552507639626,0.5704932707718857,0.5404273705980223,0.9167252542192319,NaN,0.262387186954117,0.3988798518337937,0.3271926340915605,0.2884811912314931,0.24278500620327215,0.31252741599224265,0.16627070821825285,0.16018561465745407,0.24156993606916144,0.2948263530716715,0.05913121056174364,0.40459931246071035,0.3747527477622943,0.2850144389298297
Japan,2020 QR:3,0.8740576281034587,0.2573737750193317,0.3319132007219139,0.6348319372802678,0.38347122013832413,0.3375865001715219,0.74466499141257,0.3861581894226882,0.7513232789824196,0.3182122277680346,NaN,0.35426170488679376,0.963728446165133,0.4800750488256085,0.3925651592403643,0.1401795645880366,1.073761403395423,0.591751085931798,0.9965840138805542,0.622296296582193,0.38794089922475017,0.8745077019788847,0.6896103347678295,0.3246170831509293,0.5720595722330248,0.5406858799784535,0.9158268354501011,NaN,0.262176619268605,0.3978469229297623,0.3270961770752081,0.2886365822023478,0.24205034559609295,0.3084046813865555,0.16381284767309978,0.1583846101562667,0.24130280355331024,0.29532944072549006,0.05896221687923031,0.4045765151100118,0.37501062039829547,0.28393845496846026
Japan,2021 QR:0,0.8745140158018017,0.25773456147523577,0.3298420714416821,0.6314362161875948,0.382980339239809,0.335526452767855,0.7416925567668038,0.38566243194975236,0.7510875166930249,0.3167322324073929,NaN,0.35413124129303686,0.9657533428403493,0.4799238022909713,0.39324275361973005,0.1391487354741514,1.0775052801856866,0.5927126488505445,0.9965261158107331,0.6226390924836074,0.3892992882799451,0.8748348246749797,0.6900634778442081,0.32476864122546234,0.573625873694164,0.5409443893588848,0.9149284166809704,NaN,0.26196605158309283,0.3968139940257309,0.3269997200588557,0.28879197317320227,0.24131568498891287,0.3042819467808684,0.16135498712794671,0.15658360565507934,0.2410356710374595,0.29583252837930774,0.058793223196717204,0.40455371775931337,0.3752684930342971,0.28286247100708906
Japan,2025,0.8818162189752905,0.26350714476970394,0.2967040029580197,0.5771046787048455,0.3751262448635684,0.30256569430922653,0.6941336024345439,0.37773031238278687,0.7473153200627074,0.29305230663712756,NaN,0.3520438237929284,0.998151689643846,0.4775038577367763,0.40408426368957606,0.12265546965200258,1.1374073088298644,0.6080976555504787,0.9955997466935953,0.6281238269062359,0.4110335131630798,0.8800687878124984,0.6973137670662628,0.327193570417991,0.598686697072381,0.5450805394457832,0.900553716374878,NaN,0.2585969686149001,0.3802871315612357,0.3254564077972172,0.2912782287068745,0.2295611152740369,0.23831819308990276,0.12202921840550118,0.12776753363608329,0.23676155078384387,0.30388193084039683,0.05608932427650459,0.4041889601481374,0.3793944552103188,0.2656467276251604
Japan,2030,0.8909439729421518,0.27072287388778893,0.25528141735343723,0.5091902568514044,0.36530862689326726,0.2613647462359374,0.6346849095192226,0.3678151629240807,0.7426000742748107,0.26345239942429544,NaN,0.3494345519177926,1.0386496231482152,0.4744789270440326,0.41763615127688336,0.10203888737431654,1.2122848446350893,0.6273289139253979,0.994441785297173,0.634979744934522,0.4382012942669977,0.8866112417343968,0.7063766285938313,0.33022473190865187,0.6300127262951545,0.5502507270544061,0.8825853409922626,NaN,0.2543856149046593,0.35962855348061673,0.3235272674701689,0.29438604812396507,0.21486790313044235,0.15586350097619572,0.07287200750244338,0.09174744361233778,0.23141890046682434,0.3139436839167584,0.05270945062623911,0.40373301313416743,0.38455190793034566,0.24412704839774868
Japan,2035,0.9000717269090126,0.2779386030058739,0.21385883174885478,0.44127583499796685,0.3554910089229666,0.2201637981626483,0.5752362166039013,0.3579000134653736,0.737884828486914,0.23385249221146331,NaN,0.346825280042657,1.0791475566525843,0.4714539963512887,0.43118803886419155,0.08142230509663229,1.2871623804403107,0.6465601723003163,0.9932838239007507,0.6418356629628081,0.46536907537091565,0.8931536956562951,0.7154394901213994,0.3332558933993125,0.6613387555179262,0.5554209146630291,0.8646169656096481,NaN,0.25017426119441843,0.3389699753999995,0.32159812714312075,0.29749386754105545,0.20017469098684781,0.07340880886248868,0.02371479659938558,0.05572735358859404,0.22607625014980437,0.32400543699312,0.04932957697597362,0.40327706612019754,0.389709360650373,0.22260736917033697
Japan,2040,0.9091994808758739,0.28515433212395935,0.17243624614427233,0.37336141314452576,0.34567339095266547,0.1789628500893592,0.51578752368858,0.3479848640066674,0.733169582699017,0.2042525849986312,NaN,0.3442160081675212,1.119645490156957,0.46842906565854503,0.44473992645149973,0.06080572281894625,1.3620399162455357,0.6657914306752346,0.9921258625043282,0.6486915809910938,0.4925368564748336,0.8996961495781939,0.7245023516489679,0.33628705488997335,0.6926647847406997,0.5605911022716521,0.8466485902270326,NaN,0.24596290748417737,0.3183113973193805,0.3196689868160725,0.30060168695814604,0.18548147884325328,-0.009045883251218356,-0.025442414303675775,0.019707263564850308,0.22073359983278484,0.3340671900694825,0.045949703325708136,0.40282111910622753,0.3948668133704003,0.20108768994292525
Japan,2045,0.9183272348427347,0.29237006124204434,0.13101366053968988,0.3054469912910882,0.3358557729823648,0.13776190201607008,0.45633883077325876,0.3380697145479603,0.7284543369111203,0.17465267778579907,NaN,0.3416067362923856,1.1601434236613262,0.46540413496580113,0.45829181403880703,0.040189140541260215,1.4369174520507606,0.685022689050153,0.9909679011079059,0.6555474990193799,0.5197046375787515,0.9062386035000922,0.7335652131765364,0.3393182163806342,0.7239908139634714,0.5657612898802751,0.8286802148444172,NaN,0.24175155377393653,0.2976528192387615,0.3177398464890243,0.3037095063752364,0.17078826669965785,-0.0915005753649254,-0.07459962520673358,-0.016312826458895202,0.21539094951576532,0.3441289431458441,0.04256982967544243,0.40236517209225764,0.4000242660904272,0.1795680107155153
Japan,2050,0.927454988809596,0.29958579036012933,0.08959107493510743,0.2375325694376471,0.3260381550120641,0.09656095394278097,0.3968901378579375,0.3281545650892541,0.7237390911232235,0.14505277057296695,NaN,0.33899746441724976,1.2006413571656953,0.46237920427305745,0.4718437016261152,0.01957255826357418,1.5117949878559855,0.7042539474250713,0.9898099397114836,0.6624034170476656,0.5468724186826694,0.9127810574219906,0.7426280747041045,0.34234937787129505,0.7553168431862449,0.570931477488898,0.8107118394618018,NaN,0.23754020006369547,0.27699424115814253,0.31581070616197604,0.3068173257923268,0.15609505455606332,-0.17395526747863244,-0.12375683610979138,-0.052332916482638936,0.2100482991987458,0.35419069622220567,0.03918995602517694,0.4019092250782877,0.4051817188104545,0.1580483314881036
Germany,2019 QR:0,0.7696694316900331,0.28317329269642677,0.3110545067325349,0.7633944371616406,0.3519334123200881,0.31443936063626543,0.8838764982423921,0.35263444880993955,0.6613186657097643,NaN,0.4729294981815929,0.5967692500472843,0.9009938697391272,0.5271024828213449,0.5485873446144893,0.3209780723433373,0.9636945565744082,0.5754273363443541,0.9577785500081095,0.7662838821074587,0.39985945019288227,0.5049241943990939,0.6879139800986089,0.3502204033247953,0.5624704430003353,0.6059008261693837,1.0,0.4602388726642228,0.6639374202441859,0.3681786659226667,0.37414165851029524,0.29682457306331167,0.5113183393895175,0.48767386562895254,0.22300354738980133,0.9515028072151637,0.22983251159715357,0.39008122961968184,0.5675100517407028,0.4047360965649013,0.372637860227389,0.3164570288508912
Germany,2019 QR:1,0.7697896357854158,0.2839825108678369,0.31101510696447443,0.7632250121585173,0.35245033256438507,0.31443899236257083,0.8848249703083919,0.3531801475061238,0.6598987763540052,NaN,0.4731086632225886,0.5989079536061972,0.9010120849814856,0.5288253110922589,0.552084218188341,0.3213544483895334,0.9632285382496812,0.5757826505805288,0.9594929054107428,0.7693297153007919,0.40061708205352264,0.5051042094790754,0.6878515627365983,0.35041549368796243,0.5631028832587903,0.6074710426959982,1.0,0.4599985244133469,0.6631595566762556,0.3702624858860162,0.3740343935492486,0.2970409791301165,0.5103798875218555,0.4894085455747792,0.22043042111352307,0.9532363410124134,0.22954972576083588,0.3886258417555908,0.5667370412500663,0.40471329921420285,0.3728911073165526,0.31298921181924655
Germany,2019 QR:2,0.7699098398807985,0.2847917290392479,0.310975707196414,0.7630555871553941,0.352967252808682,0.31443862408887624,0.8857734423743926,0.3537258462023072,0.6584788869982461,NaN,0.4732878282635843,0.6010466571651136,0.9010303002238439,0.530548139363173,0.5555810917621926,0.32173082443572953,0.9627625199249543,0.576137964816704,0.9612072608133762,0.7723755484941286,0.40137471391416213,0.505284224559057,0.6877891453745877,0.35061058405112955,0.5637353235172462,0.6090412592226127,1.0,0.45975817616247117,0.6623816931083244,0.3723463058493657,0.373927128588202,0.2972573851969216,0.5094414356541934,0.49114322552060585,0.2178572948372448,0.9549698748096613,0.22926693992451863,0.38717045389149973,0.5659640307594289,0.4046905018635043,0.3731443544057158,0.3095213947876019
Germany,2019 QR:3,0.7700300439761812,0.285600947210658,0.31093630742835354,0.7628861621522709,0.35348417305297897,0.3144382558151817,0.8867219144403924,0.35427154489849144,0.657058997642487,NaN,0.47346699330458,0.6031853607240265,0.9010485154662022,0.5322709676340871,0.5590779653360443,0.32210720048192565,0.9622965016002274,0.5764932790528787,0.9629216162160095,0.7754213816874618,0.4021323457748016,0.5054642396390385,0.687726728012577,0.35080567441429666,0.5643677637757021,0.6106114757492271,1.0,0.45951782791159523,0.6616038295403941,0.3744301258127116,0.37381986362715536,0.2974737912637264,0.5085029837865314,0.4928779054664325,0.215284168560963,0.9567034086069093,0.22898415408820094,0.3857150660274087,0.5651910202687924,0.4046677045128058,0.37339760149487944,0.3060535777559572
Germany,2020 QR:0,0.770150248071564,0.286410165382069,0.3108969076602931,0.7627167371491477,0.3540010932972759,0.3144378875414871,0.8876703865063931,0.3548172435946757,0.6556391082867279,NaN,0.47364615834557566,0.6053240642829394,0.9010667307085606,0.5339937959050012,0.5625748389098959,0.3224835765281213,0.9618304832755005,0.5768485932890539,0.9646359716186446,0.7784672148807985,0.402889977635442,0.5056442547190201,0.6876643106505663,0.3510007647774638,0.5650002040341571,0.6121816922758416,1.0,0.4592774796607195,0.6608259659724629,0.3765139457760611,0.37371259866610873,0.29769019733053126,0.5075645319188693,0.49461258541225916,0.21271104228468474,0.9584369424041572,0.22870136825188325,0.38425967816331763,0.564418009778155,0.4046449071621073,0.3736508485840426,0.30258576072431254
Germany,2020 QR:1,0.7702704521669467,0.2872193835534791,0.31085750789223265,0.7625473121460244,0.35451801354157286,0.31443751926779256,0.8886188585723929,0.35536294229085996,0.654219218930967,NaN,0.47382532338657135,0.6074627678418558,0.9010849459509189,0.5357166241759153,0.5660717124837475,0.32285995257431743,0.9613644649507735,0.5772039075252287,0.9663503270212779,0.7815130480741317,0.40364760949608147,0.5058242697990016,0.6876018932885557,0.3511958551406309,0.565632644292613,0.6137519088024561,1.0,0.4590371314098438,0.6600481024045317,0.37859776573940707,0.3736053337050622,0.2979066033973361,0.5066260800512072,0.4963472653580858,0.21013791600840648,0.9601704762014052,0.22841858241556556,0.3828042902992266,0.5636449992875185,0.4046221098114088,0.37390409567320626,0.29911794369266786
Germany,2020 QR:2,0.7703906562623294,0.2880286017248892,0.3108181081241722,0.7623778871429012,0.3550349337858698,0.31443715099409797,0.8895673306383935,0.3559086409870442,0.6527993295752079,NaN,0.47400448842756704,0.6096014714007687,0.9011031611932773,0.5374394524468293,0.5695685860575992,0.32323632862051355,0.9608984466260471,0.5775592217614034,0.9680646824239112,0.7845588812674684,0.40440524135672096,0.5060042848789832,0.687539475926545,0.351390945503798,0.5662650845510688,0.6153221253290706,1.0,0.4587967831589679,0.6592702388366014,0.38068158570275656,0.3734980687440156,0.29812300946414094,0.5056876281835452,0.4980819453039107,0.20756478973212822,0.9619040099986531,0.22813579657924787,0.38134890243513375,0.5628719887968812,0.40459931246071035,0.37415734276236945,0.2956501266610232
Germany,2020 QR:3,0.7705108603577121,0.2888378198963002,0.31077870835611177,0.7622084621397778,0.35555185403016676,0.31443678272040343,0.8905158027043933,0.3564543396832276,0.6513794402194488,NaN,0.4741836534685627,0.6117401749596816,0.9011213764356356,0.5391622807177434,0.5730654596314508,0.3236127046667092,0.9604324283013201,0.5779145359975786,0.9697790378265445,0.7876047144608016,0.40516287321736133,0.5061842999589647,0.6874770585645343,0.35158603586696513,0.5668975248095238,0.6168923418556851,1.0,0.45855643490809217,0.6584923752686702,0.3827654056661025,0.37339080378296896,0.2983394155309458,0.5047491763158831,0.49981662524973736,0.20499166345584996,0.963637543795901,0.22785301074293063,0.3798935145710427,0.5620989783062447,0.4045765151100118,0.3744105898515331,0.29218230962937497
Germany,2021 QR:0,0.7706310644530948,0.2896470380677103,0.3107393085880513,0.7620390371366546,0.3560687742744637,0.31443641444670883,0.891464274770394,0.35700003837941185,0.6499595508636897,NaN,0.4743628185095584,0.6138788785185945,0.901139591677994,0.5408851089886593,0.5765623332052989,0.32398908071290533,0.9599664099765932,0.5782698502337533,0.9714933932291796,0.7906505476541383,0.4059205050780008,0.5063643150389463,0.6874146412025237,0.35178112623013225,0.5675299650679797,0.6184625583822996,1.0,0.45831608665721646,0.6577145117007399,0.384849225629452,0.37328353882192233,0.2985558215977506,0.5038107244482211,0.501551305195564,0.2024185371795717,0.9653710775931508,0.22757022490661294,0.37843812670695165,0.5613259678156073,0.40455371775931337,0.37466383694069627,0.2887144925977303
Germany,2025,0.7725543299792181,0.30259452881027826,0.3101089122990842,0.7593282370866825,0.364339498183214,0.31443052206759575,0.9066398278263978,0.36573121751835735,0.6272413211715406,NaN,0.4772294591654894,0.6480981354612183,0.9014310355557276,0.5684503613232881,0.6325123103869252,0.33001109745204094,0.9525101167809624,0.5839548780125519,0.9989230796713198,0.8393838787474941,0.4180426148482379,0.5092445563186514,0.6864159634103532,0.35490257204080633,0.5776490092032693,0.6435860228081296,1.0,0.45447051464320376,0.6452686946138462,0.41819034504301555,0.37156729944517664,0.30201831866662854,0.4887954945656299,0.529306184328787,0.16124851675911955,0.9931076183491214,0.22304565152553124,0.3551519208814913,0.5489577999654163,0.4041889601481374,0.3787157903673113,0.233229420091412
Germany,2030,0.7749584118868722,0.31877889223848754,0.30932091693787533,0.7559397370242174,0.37467790306915294,0.31442315659370434,0.9256092691464035,0.3766451914420381,0.5988435340563552,NaN,0.4808127599854032,0.6908722066394972,0.9017953404028947,0.6029069267415732,0.7024497818639546,0.33753861837596055,0.9431897502864244,0.5910611627360502,1.033210187723995,0.9003005426141861,0.4331952520610338,0.5128448579182825,0.6851676161701399,0.3588043793041489,0.5902978143723807,0.6749903533404176,1.0,0.4496635496256878,0.6297114232552303,0.45986674430997354,0.36942200022424454,0.30634644000272604,0.47002645721238956,0.563999783245313,0.10978599123355082,1.0277782942940856,0.21738993479917923,0.3260441635996667,0.5334975901526775,0.40373301313416743,0.3837807321505795,0.16387307945851504
Germany,2035,0.7773624937945264,0.3349632556666977,0.30853292157666645,0.7525512369617522,0.385016307955091,0.31441579111981294,0.9445787104664083,0.38755916536571977,0.5704457469411697,NaN,0.48439606080531694,0.7336462778177761,0.9021596452500616,0.6373634921598601,0.7723872533409839,0.34506613929988017,0.9338693837918859,0.5981674474595482,1.0674972957766702,0.9612172064808817,0.44834788927382974,0.5164451595179136,0.6839192689299267,0.3627061865674912,0.602946619541493,0.7063946838727038,1.0,0.444856584608172,0.6141541518966136,0.5015431435769315,0.36727670100331244,0.3106745613388233,0.45125741985915013,0.5986933821618408,0.05832346570798208,1.0624489702390516,0.21173421807282722,0.29693640631784035,0.5180373803399387,0.40327706612019754,0.38884567393384817,0.09451673882561451
Germany,2040,0.7797665757021804,0.351147619094907,0.3077449262154575,0.7491627368992873,0.39535471284102996,0.3144084256459216,0.9635481517864131,0.3984731392894014,0.5420479598259842,NaN,0.4879793616252307,0.776420348996055,0.9025239500972286,0.671820057578147,0.8423247248180132,0.3525936602237998,0.9245490172973478,0.6052737321830466,1.1017844038293454,1.0221338703475773,0.46350052648662565,0.5200454611175449,0.6826709216897134,0.36660799383083376,0.6155954247106044,0.7377990144049917,1.0,0.44004961959065625,0.5985968805379978,0.5432195428438895,0.36513140178238046,0.3150026826749208,0.4324883825059098,0.6333869810783685,0.006860940182413344,1.0971196461840158,0.2060785013464752,0.2678286490360158,0.5025771705272,0.40282111910622753,0.3939106157171164,0.025160398192713984
Germany,2045,0.7821706576098346,0.36733198252311716,0.30695693085424863,0.7457742368368221,0.40569311772696803,0.3144010601720302,0.9825175931064187,0.4093871132130831,0.5136501727107987,NaN,0.49156266244514446,0.8191944201743304,0.9028882549443957,0.7062766229964321,0.9122621962950426,0.3601211811477194,0.9152286508028098,0.6123800169065445,1.1360715118820206,1.0830505342142729,0.47865316369942246,0.523645762717176,0.6814225744495003,0.3705098010941763,0.6282442298797166,0.7692033449372797,1.0,0.43524265457314026,0.583039609179381,0.5848959421108475,0.36298610256144836,0.3193308040110181,0.4137193451526704,0.6680805799948963,-0.04460158534315539,1.13179032212898,0.2004227846201232,0.23872089175418942,0.4871169607144612,0.40236517209225764,0.39897555750038505,-0.04419594244018299
Germany,2050,0.7845747395174887,0.38351634595132644,0.30616893549303975,0.7423857367743569,0.416031522612907,0.31439369469813877,1.0014870344264235,0.42030108713676384,0.48525238559561323,NaN,0.4951459632650582,0.8619684913526093,0.9032525597915627,0.740733188414719,0.9821996677720755,0.367648702071639,0.9059082843082713,0.6194863016300429,1.1703586199346958,1.1439671980809685,0.4938058009122184,0.5272460643168071,0.680174227209287,0.37441160835751863,0.640893035048828,0.8006076754695659,1.0,0.4304356895556245,0.5674823378207643,0.6265723413778019,0.36084080334051627,0.3236589253471156,0.39495030779943097,0.7027741789114241,-0.09606411086872058,1.1664609980739442,0.19476706789377118,0.20961313447236485,0.47165675090172243,0.4019092250782877,0.40404049928365326,-0.11355228307308352
Canada,2019 QR:0,0.8062120962942747,0.2876651690091423,0.21930045217597183,0.79054326679744,0.24491660029822793,0.21764788229363186,0.9022143322678158,0.2402976570560833,0.78222988803007,0.34507606654567535,0.47300606746095175,0.5496698040140595,0.9376687458875521,0.6323027108633035,0.47931799695783717,0.2797423131522705,0.8698224194176913,0.6117107589040796,0.6154091421284207,0.46599441736655756,0.4074356986028249,0.5661189857186785,0.8585228552567137,0.2996040909087654,0.9418396074201496,0.5542693789868718,0.8381312429960133,0.7334615511732168,0.5939999079844319,0.40674343816971015,0.31447663319855956,0.3110682199216881,0.4060497907151417,0.36840754156287936,0.4913610721524133,0.6195341493076789,0.2589976426139837,0.208335969354005,0.5221866684101215,0.4047360965649013,0.3728311937267419,0.45332687567666524
Canada,2019 QR:1,0.806467562024908,0.2879880960474792,0.2196120585138619,0.7906309700254145,0.2454181877416124,0.2179310538638104,0.9036751879050762,0.24075723178980102,0.7825135465364603,0.3442854662497945,0.47317521788529104,0.5494488194552225,0.9371454026074861,0.6321309299845979,0.4807693645525255,0.2801647742308524,0.8700606387870251,0.6123115840326259,0.6136743844287462,0.46426125049000966,0.40808707340961714,0.5662912569735391,0.8581485868727028,0.2994119920517717,0.940791895055856,0.5525716341450266,0.8360777783808864,0.7335017262875725,0.5940430074324827,0.4065747285128478,0.31432478337358183,0.311414737518783,0.4053726464639871,0.36962207296686955,0.4900445081466671,0.6208782374593387,0.2589687931623823,0.20687567342089608,0.5240392144114505,0.40471329921420285,0.37308128466970025,0.45334525963974137
Canada,2019 QR:2,0.8067230277555417,0.2883110230858157,0.2199236648517524,0.7907186732533888,0.24591977518499597,0.2182142254339885,0.9051360435423348,0.24121680652351873,0.7827972050428507,0.34349486595391454,0.47334436830963034,0.5492278348963855,0.936622059327421,0.631959149105892,0.48222073214721384,0.2805872353094343,0.8702988581563591,0.6129124091611731,0.6119396267290718,0.46252808361346,0.40873844821641026,0.5664635282283995,0.8577743184886919,0.29921989319477804,0.9397441826915625,0.5508738893031797,0.8340243137657595,0.7335419014019282,0.5940861068805336,0.4064060188559855,0.31417293354860387,0.3117612551158775,0.40469550221283335,0.37083660437085975,0.4887279441409227,0.6222223256109967,0.2589399437107809,0.20541537748778715,0.5258917604127813,0.4046905018635043,0.37333137561265817,0.45336364360281756
Canada,2019 QR:3,0.806978493486175,0.2886339501241526,0.22023527118964292,0.7908063764813633,0.24642136262837955,0.21849739700416704,0.9065968991795952,0.2416763812572369,0.783080863549241,0.3427042656580337,0.4735135187339694,0.5490068503375485,0.9360987160473551,0.6317873682271864,0.4836720997419022,0.2810096963880162,0.8705370775256929,0.6135132342897194,0.6102048690293973,0.4607949167369121,0.4093898230232025,0.5666357994832599,0.857400050104681,0.29902779433778437,0.9386964703272689,0.5491761444613346,0.8319708491506361,0.7335820765162839,0.5941292063285846,0.4062373091991234,0.31402108372362614,0.31210777271297196,0.40401835796167873,0.37205113577484994,0.48741138013517826,0.6235664137626564,0.2589110942591794,0.20395508155467823,0.5277443064141121,0.4046677045128058,0.3735814665556165,0.45338202756589374
Canada,2020 QR:0,0.8072339592168083,0.2889568771624895,0.220546877527533,0.7908940797093377,0.246922950071764,0.21878056857434514,0.9080577548168538,0.2421359559909546,0.7833645220556313,0.34191366536215373,0.4736826691583087,0.5487858657787117,0.9355753727672891,0.6316155873484806,0.4851234673365905,0.2814321574665981,0.8707752968950269,0.6141140594182666,0.6084701113297228,0.4590617498603642,0.4100411978299956,0.5668080707381206,0.8570257817206701,0.2988356954807907,0.9376487579629735,0.5474783996194894,0.8299173845355092,0.7336222516306397,0.5941723057766355,0.40606859954226104,0.3138692338986484,0.31245429031006644,0.403341213710525,0.37326566717884013,0.48609481612943384,0.6249105019143144,0.25888224480757793,0.2024947856215693,0.5295968524154429,0.4046449071621073,0.3738315574985749,0.4534004115289699
Canada,2020 QR:1,0.807489424947442,0.289279804200826,0.2208584838654235,0.7909817829373121,0.2474245375151476,0.21906374014452368,0.9095186104541142,0.24259553072467233,0.7836481805620212,0.34112306506627377,0.473851819582648,0.5485648812198747,0.9350520294872231,0.6314438064697747,0.48657483493127884,0.28185461854518,0.8710135162643609,0.6147148845468129,0.6067353536300484,0.4573285829838163,0.4106925726367878,0.566980341992981,0.8566515133366588,0.298643596623797,0.93660104559868,0.5457806547776443,0.8278639199203823,0.7336624267449954,0.5942154052246864,0.4058998898853987,0.31371738407367045,0.31280080790716136,0.4026640694593704,0.37448019858282855,0.48477825212368764,0.6262545900659742,0.2588533953559765,0.20103448968846216,0.5314493984167736,0.4046221098114088,0.3740816484415328,0.45341879549204606
Canada,2020 QR:2,0.8077448906780753,0.2896027312391629,0.22117009020331402,0.7910694861652865,0.24792612495853117,0.21934691171470178,0.9109794660913728,0.24305510545839004,0.7839318390684116,0.3403324647703929,0.4740209700069873,0.5483438966610377,0.934528686207158,0.6312720255910691,0.4880262025259672,0.2822770796237619,0.8712517356336946,0.6153157096753601,0.6050005959303739,0.4555954161072684,0.41134394744358094,0.5671526132478414,0.8562772449526479,0.29845149776680335,0.9355533332343864,0.5440829099357991,0.8258104553052554,0.733702601859351,0.5942585046727373,0.4057311802285364,0.3135655342486927,0.31314732550425584,0.40198692520821666,0.37569472998681874,0.4834616881179432,0.6275986782176322,0.2588245459043751,0.19957419375535324,0.5333019444181044,0.40459931246071035,0.37433173938449116,0.4534371794551222
Canada,2020 QR:3,0.8080003564087086,0.28992565827749983,0.22148169654120453,0.791157189393261,0.24842771240191563,0.21963008328488032,0.9124403217286332,0.24351468019210776,0.7842154975748019,0.33954186447451296,0.4741901204313266,0.5481229121022007,0.934005342927092,0.6311002447123633,0.4894775701206555,0.28269954070234427,0.8714899550030286,0.6159165348039064,0.6032658382306995,0.4538622492307187,0.41199532225037316,0.567324884502702,0.855902976568637,0.2982593989098099,0.9345056208700928,0.5423851650939522,0.8237569906901285,0.7337427769737067,0.5943016041207883,0.40556247057167405,0.313413684423715,0.3134938431013503,0.40130978095706205,0.37690926139080894,0.4821451241121988,0.6289427663692919,0.2587956964527736,0.1981138978222443,0.5351544904194352,0.4045765151100118,0.3745818303274495,0.45345556341819837
Canada,2021 QR:0,0.8082558221393423,0.2902485853158363,0.2217933028790946,0.7912448926212354,0.2489292998452992,0.21991325485505886,0.9139011773658918,0.24397425492582547,0.7844991560811923,0.3387512641786321,0.47435927085566587,0.5479019275433636,0.933481999647026,0.6309284638336576,0.49092893771534385,0.28312200178092617,0.8717281743723624,0.6165173599324536,0.601531080531025,0.4521290823541708,0.4126466970571654,0.5674971557575624,0.8555287081846261,0.29806730005281623,0.9334579085057992,0.540687420252107,0.8217035260750052,0.7337829520880624,0.5943447035688392,0.40539376091481194,0.313261834598737,0.3138403606984448,0.4006326367059083,0.37812379279479913,0.4808285601064526,0.6302868545209517,0.2587668470011722,0.1966536018891354,0.537007036420766,0.40455371775931337,0.37483192127040743,0.45347394738127456
Canada,2025,0.8123432738294771,0.2954154179292252,0.22677900428534103,0.792648144268826,0.2569546989394418,0.22444399997791198,0.9372748675620439,0.2513274506653089,0.7890376921834359,0.3261016594445465,0.4770656776450941,0.5443661746019723,0.9251085071659739,0.6281799697743657,0.5141508192303572,0.2898813790382375,0.8755396842817049,0.6261305619892026,0.5737749573362319,0.4243984123293991,0.4230686939658481,0.5702534958353304,0.8495404140404506,0.2949937183409177,0.9166945106771003,0.5135235027825793,0.7888480922329855,0.7344257539177537,0.5950342947376536,0.4026944064050151,0.31083223739909216,0.3193846422519582,0.3897983286874416,0.39755629525863867,0.4597635360145347,0.6517922649474954,0.2583052557755491,0.17328886695939794,0.5666477724420549,0.4041889601481374,0.3788333763577394,0.4537680907904932
Canada,2030,0.817452588442146,0.3018739586959609,0.23301113104314908,0.7944022088283144,0.26698644780711955,0.23010743138147882,0.9664919803072358,0.26051894533966324,0.7947108623112404,0.31028965352693927,0.4804486861318793,0.539946483425233,0.9146416415646588,0.6247443522002512,0.5431781711241239,0.29833060060987693,0.880304071668383,0.6381470645601386,0.5390798033427409,0.3897350747984323,0.43609619010170153,0.5736989209325402,0.842055046360231,0.2911517412010447,0.8957402633912253,0.4795686059456692,0.7477787999304617,0.7352292562048679,0.5958962836986716,0.39932021326776934,0.30779524089953614,0.3263149941938499,0.37625544366435903,0.4218469233384372,0.4334322558996355,0.6786740279806747,0.25772826674352023,0.1440829482972248,0.6036986924686669,0.40373301313416743,0.38383519521690346,0.45413577005201644
Canada,2035,0.8225619030548152,0.3083324994626966,0.23924325780095668,0.7961562733878027,0.2770181966747973,0.23577086278504567,0.9957090930524259,0.269710440014018,0.8003840324390454,0.29447764760933204,0.4838316946186647,0.5355267922484936,0.9041747759633436,0.6213087346261363,0.5722055230178906,0.30677982218151634,0.885068459055061,0.6501635671310746,0.5043846493492499,0.3550717372674672,0.44912368623755405,0.57714434602975,0.8345696786800114,0.2873097640611715,0.874786016105352,0.4456137091087591,0.7067095076279379,0.736032758491982,0.5967582726596896,0.3959460201305234,0.3047582443999801,0.33324534613574164,0.3627125586412756,0.44613755141823574,0.40710097578473814,0.7055557910138539,0.2571512777114914,0.11487702963505164,0.640749612495279,0.40327706612019754,0.38883701407606797,0.4545034493135397
Canada,2040,0.8276712176674841,0.3147910402294323,0.24547538455876472,0.797910337947291,0.2870499455424751,0.2414342941886125,1.024926205797616,0.2789019346883723,0.80605720256685,0.2786656416917248,0.4872147031054499,0.5311071010717543,0.8937079103620276,0.6178731170520217,0.6012328749116573,0.31522904375315575,0.8898328464417391,0.6621800697020106,0.4696894953557589,0.32040839973650037,0.46215118237340747,0.5805897711269598,0.8270843109997918,0.2834677869212985,0.853831768819477,0.411658812271849,0.6656402153254142,0.7368362607790961,0.5976202616207077,0.39257182699327764,0.3017212479004239,0.34017569807763337,0.3491696736181922,0.4704281794980343,0.380769695669839,0.7324375540470349,0.2565742886794625,0.0856711109728785,0.677800532521891,0.40282111910622753,0.3938388329352325,0.45487112857506296
Canada,2045,0.8327805322801529,0.32124958099616796,0.2517075113165723,0.7996644025067794,0.29708169441015286,0.24709772559217935,1.0541433185428062,0.2880934293627271,0.811730372694655,0.2628536357741167,0.4905977115922353,0.526687409895015,0.8832410447607124,0.6144374994779069,0.630260226805424,0.32367826532479516,0.8945972338284172,0.6741965722729457,0.43499434136226967,0.2857450622055353,0.47517867850926,0.5840351962241698,0.8195989433195723,0.2796258097814255,0.8328775215336037,0.37770391543493886,0.624570923022894,0.7376397630662103,0.5984822505817258,0.3891976338560317,0.29868425140086785,0.3471060500195251,0.33562678859510964,0.4947188075778346,0.3544384155549398,0.7593193170802142,0.2559972996474336,0.05646519231070535,0.714851452548503,0.40236517209225764,0.398840651794397,0.4552388078365862
Canada,2050,0.8378898468928218,0.32770812176290365,0.25793963807438036,0.8014184670662677,0.30711344327783063,0.2527611569957462,1.0833604312879963,0.2972849240370814,0.8174035428224595,0.24704162985650946,0.4939807200790205,0.5222677187182758,0.8727741791593973,0.6110018819037923,0.6592875786991907,0.33212748689643457,0.8993616212150952,0.6862130748438817,0.4002991873687787,0.25108172467456846,0.4882061746451134,0.5874806213213796,0.8121135756393527,0.2757838326415525,0.8119232742477287,0.34374901859802875,0.5835016307203702,0.7384432653533244,0.5993442395427437,0.3858234407187857,0.2956472549013116,0.35403640196141684,0.3220839035720262,0.5190094356576331,0.32810713544004244,0.7862010801133952,0.2554203106154047,0.0272592736485322,0.751902372575115,0.4019092250782877,0.4038424706535615,0.45560648709810947
Italy,2019 QR:0,0.8400321692413111,0.24952254981241784,0.23050992235878187,0.6441884803284346,0.2728668567450159,0.23002387502103727,0.7209865154320907,0.2690679069943426,0.586562147544269,0.4000631429971442,0.4728035331791931,0.4496258373861588,0.6088304301735157,0.22110420361510164,0.33502920098445266,0.3996362139761651,0.7677781461031872,0.5617456039424163,0.5734260667554985,0.610618716876548,0.3906182857128804,0.499782254403466,0.5565459484677344,0.34813805604836423,0.45515809539492413,0.515763682747862,0.8213968619514285,0.6412918000861545,0.475948091027786,0.3561023178059507,0.46272552086789887,0.2929819559702007,0.42646225003610105,0.4972443717808641,0.19906577324988461,0.8984044740725423,0.25265766539755763,0.40498457008031963,0.2801020861376813,0.4048359646957176,0.3724505272347385,0.65474516132182
Italy,2019 QR:1,0.8405512093615015,0.24977916245008758,0.23029344545944297,0.6428083046675024,0.2730564170668244,0.22978559183306912,0.7203115630577281,0.2692152866085312,0.5855367449042106,0.3995334414842855,0.4729520606659552,0.44901332087491586,0.6082379887368976,0.22153855633900088,0.333275321815691,0.3999049593537236,0.7669719025187653,0.5617512395530649,0.5746210169941417,0.6121565010354733,0.39091159704484824,0.5004482884943231,0.5558262287020233,0.34817014380014577,0.4553233808429993,0.5160802092040067,0.8220586115205473,0.6402487066935123,0.475104141175259,0.3562192448785416,0.4665383225915676,0.29314703626281635,0.4253901769782331,0.496132043399129,0.19430175322219156,0.8994824499085876,0.2517191214374801,0.40219097056875697,0.2792137391453089,0.4048150878859963,0.37270151419072284,0.6572248834514376
Italy,2019 QR:2,0.8410702494816928,0.25003577508775776,0.23007696856010385,0.6414281290065702,0.2732459773886329,0.2295473086451012,0.7196366106833665,0.26936266622271987,0.5845113422641539,0.3990037399714277,0.47310058815271705,0.4484008043636729,0.6076455473002795,0.22197290906290013,0.3315214426469293,0.40017370473128255,0.7661656589343444,0.5617568751637136,0.5758159672327849,0.6136942851943967,0.3912049083768161,0.5011143225851793,0.5551065089363112,0.3482022315519273,0.45548866629107465,0.5163967356601518,0.8227203610896652,0.6392056133008701,0.4742601913227311,0.35633617195113254,0.4703511243152363,0.293312116555432,0.4243181039203634,0.49501971501739384,0.18953773319450562,0.9005604257446329,0.25078057747740257,0.39939737105719075,0.2783253921529365,0.40479421107627506,0.3729525011467072,0.6597046055810587
Italy,2019 QR:3,0.8415892896018842,0.2502923877254275,0.22986049166076494,0.6400479533456362,0.2734355377104414,0.22930902545713328,0.7189616583090039,0.2695100458369083,0.5834859396240972,0.3984740384585699,0.47324911563947913,0.44778828785242997,0.6070531058636623,0.22240726178679937,0.3297675634781676,0.40044245010884105,0.7653594153499235,0.5617625107743623,0.57701091747143,0.615232069353322,0.39149821970878396,0.5017803566760364,0.5543867891705991,0.34823431930370885,0.45565395173915,0.5167132621162969,0.823382110658784,0.6381625199082261,0.4734162414702041,0.35645309902372346,0.47416392603890856,0.29347719684804763,0.42324603086249546,0.4939073866356587,0.18477371316681257,0.9016384015806782,0.24984203351732504,0.39660377154562454,0.2774370451605641,0.4047733342665538,0.37320348810269155,0.6621843277106763
Italy,2020 QR:0,0.8421083297220755,0.2505490003630977,0.22964401476142582,0.6386677776847041,0.2736250980322499,0.22907074226916513,0.7182867059346423,0.26965742545109694,0.5824605369840388,0.3979443369457112,0.473397643126241,0.4471757713411879,0.6064606644270443,0.22284161451069906,0.3280136843094077,0.40071119548639955,0.7645531717655016,0.5617681463850109,0.5782058677100732,0.6167698535122454,0.3917915310407514,0.5024463907668935,0.553667069404888,0.34826640705549045,0.45581923718722517,0.5170297885724415,0.8240438602279019,0.637119426515584,0.4725722916176762,0.3565700260963143,0.47797672776257727,0.29364227714066327,0.4221739578046275,0.49279505825392356,0.18000969313912663,0.9027163774167235,0.2489034895572475,0.3938101720340583,0.2765486981681926,0.4047524574568325,0.37345447505867635,0.6646640498402938
Italy,2020 QR:1,0.8426273698422668,0.2508056130007674,0.22942753786208692,0.6372876020237719,0.2738146583540584,0.2288324590811972,0.7176117535602797,0.2698048050652856,0.5814351343439821,0.3974146354328534,0.47354617061300286,0.44656325482994497,0.6058682229904262,0.2232759672345983,0.326259805140646,0.40097994086395805,0.7637469281810807,0.5617737819956596,0.5794008179487182,0.6183076376711707,0.39208484237271923,0.5031124248577497,0.5529473496391759,0.348298494807272,0.45598452263530054,0.5173463150285866,0.8247056097970207,0.6360763331229418,0.4717283417651492,0.3566869531689052,0.481789529486246,0.2938073574332789,0.4211018847467578,0.4916827298721884,0.17524567311143358,0.9037943532527688,0.24796494559717086,0.39101657252249566,0.2756603511758202,0.4047315806471113,0.3737054620146607,0.6671437719699114
Italy,2020 QR:2,0.8431464099624582,0.2510622256384376,0.2292110609627478,0.6359074263628397,0.2740042186758669,0.22859417589322928,0.7169368011859181,0.26995218467947424,0.5804097317039254,0.3968849339199956,0.47369469809976494,0.445950738318702,0.6052757815538081,0.22371031995849755,0.3245059259718843,0.40124868624151655,0.7629406845966589,0.5617794176063082,0.5805957681873615,0.6198454218300942,0.3923781537046871,0.5037784589486067,0.5522276298734647,0.3483305825590535,0.4561498080833759,0.5176628414847317,0.8253673593661386,0.6350332397302996,0.4708843919126222,0.3568038802414961,0.4856023312099147,0.29397243772589454,0.42002981168888986,0.4905704014904533,0.17048165308374763,0.9048723290888141,0.24702640163709333,0.38822297301092945,0.2747720041834478,0.40471070383739005,0.37395644897064506,0.6696234940995289
Italy,2020 QR:3,0.8436654500826495,0.25131883827610735,0.2289945840634089,0.6345272507019075,0.2741937789976754,0.22835589270526113,0.7162618488115555,0.2700995642936629,0.5793843290638669,0.3963552324071369,0.4738432255865268,0.4453382218074591,0.6046833401171909,0.2241446726823968,0.32275204680312264,0.4015174316190755,0.7621344410122379,0.5617850532169569,0.5817907184260047,0.6213832059890194,0.39267146503665495,0.5044444930394638,0.5515079101077527,0.34836267031083507,0.4563150935314513,0.5179793679408764,0.8260291089352574,0.6339901463376574,0.4700404420600943,0.35692080731408704,0.4894151329335834,0.2941375180185102,0.41895773863102015,0.48945807310871814,0.16571763305605458,0.9059503049248594,0.2460878576770158,0.38542937349936324,0.27388365719107544,0.40468982702766876,0.37420743592662986,0.6721032162291465
Italy,2021 QR:0,0.8441844902028408,0.25157545091377753,0.22877810716407,0.6331470750409736,0.2743833393194839,0.2281176095172932,0.7155868964371939,0.2702469439078513,0.5783589264238103,0.3958255308942791,0.47399175307328867,0.44472570529621613,0.6040908986805729,0.22457902540629648,0.32099816763436273,0.401786176996634,0.761328197427817,0.5617906888276055,0.5829856686646497,0.6229209901479429,0.3929647763686228,0.50511052713032,0.5507881903420406,0.34839475806261666,0.4564803789795264,0.5182958943970215,0.8266908585043753,0.6329470529450134,0.4691964922075673,0.35703773438667796,0.4932279346572521,0.2943025983111258,0.4178856655731522,0.488345744726983,0.16095361302836864,0.9070282807609047,0.24514931371693827,0.3826357739878006,0.27299531019870393,0.40466895021794747,0.3744584228826142,0.6745829383587676
Italy,2025,0.8524891321259003,0.2556812531164965,0.22531447677464578,0.6110642644660533,0.2774163044684199,0.2243050785098053,0.7047876584474002,0.272605017734869,0.5619524841828945,0.38735030668854886,0.4763681928614798,0.4349254411163317,0.5946118356946872,0.23152866898868618,0.2929361009341829,0.40608610303757176,0.7484283000770766,0.5618808585979841,0.6021048724829523,0.6475255366907327,0.3976577576801077,0.515767072584028,0.539272674090653,0.3489081620911215,0.45912494614873123,0.5233603176953405,0.837278851610268,0.616257558662733,0.45569329456712904,0.3589085675481326,0.5542327622359657,0.29694388299297625,0.4007324966472545,0.47054849061922255,0.08472929258533668,0.9242758941376295,0.23013261035570043,0.3379381818027589,0.25878175832074923,0.40433492126240733,0.3784742141783657,0.7142584924326556
Italy,2030,0.8628699345297242,0.26081350586989527,0.22098493878786551,0.5834607512474026,0.28120751090458995,0.21953941475044547,0.6912886109601581,0.2755526100186413,0.5414444313817501,0.37675627643138654,0.4793387425967188,0.42267511089147636,0.5827630069623293,0.2402157234666733,0.25785851755895806,0.41146101058874396,0.7323034283886507,0.5619935708109571,0.6260038772558332,0.6782812198692181,0.403523984319464,0.5290877544011625,0.5248782787764181,0.34954991712675254,0.4624306551102373,0.5296908468182395,0.8505138429926342,0.5953956908098821,0.43881429751658096,0.36124710899995083,0.6304887967093507,0.300245488845289,0.3792910354898815,0.44830192298452154,-0.010551107968453266,0.9458354108585354,0.21136173115415335,0.28206619157145596,0.24101481847330586,0.40391738506798214,0.38349395329805547,0.7638529350250209
Italy,2035,0.8732507369335489,0.2659457586232945,0.21665540080108547,0.5558572380287501,0.28499871734076,0.21477375099108542,0.6777895634729161,0.27850020230241335,0.5209363785806058,0.3661622461742242,0.48230929233195763,0.410424780666621,0.5709141782299723,0.24890277794466042,0.22278093418373324,0.4168359181399157,0.7161785567002257,0.5621062830239303,0.6499028820287123,0.7090369030477035,0.40939021095882033,0.5424084362182979,0.5104838834621832,0.3501916721623836,0.46573636407174335,0.5360213759411381,0.8637488343750004,0.5745338229570311,0.4219353004660338,0.36358565045176905,0.7067448311827391,0.303547094697602,0.3578495743325085,0.42605535534982053,-0.10583150852224321,0.9673949275794396,0.1925908519526054,0.226194201340153,0.22324787862586248,0.40349984887355694,0.38851369241774525,0.8134473776173827
Italy,2040,0.8836315393373728,0.2710780113766933,0.2123258628143052,0.5282537248100994,0.28878992377693,0.2100080872317256,0.664290515985674,0.2814477945861854,0.5004283257794615,0.355568215917061,0.48527984206719643,0.3981744504417657,0.5590653494976152,0.25758983242264755,0.18770335080850842,0.4222108256910879,0.7000536850117998,0.5622189952369033,0.6738018868015914,0.7397925862261889,0.41525643759817665,0.5557291180354325,0.4960894881479492,0.3508334271980147,0.4690420730332494,0.5423519050640371,0.8769838257573666,0.5536719551041802,0.4050563034154866,0.36592419190358727,0.7830008656561276,0.30684870054991475,0.3364081131751355,0.4038087877151195,-0.20111190907602605,0.9889544443003455,0.17381997275105832,0.17032221110885004,0.2054809387784191,0.4030823126791317,0.3935334315374346,0.8630418202097481
Italy,2045,0.8940123417411976,0.2762102641300921,0.20799632482752517,0.5006502115914486,0.29258113021310006,0.20524242347236576,0.650791468498432,0.28439538686995747,0.4799202729783172,0.3449741856598987,0.48825039180243546,0.38592412021691036,0.5472165207652573,0.26627688690063467,0.1526257674332836,0.4275857332422601,0.6839288133233747,0.5623317074498765,0.6977008915744705,0.7705482694046744,0.421122664237533,0.5690497998525679,0.48169509283371426,0.35147518223364577,0.47234778199475547,0.5486824341869356,0.8902188171397327,0.5328100872513293,0.3881773063649385,0.3682627333554055,0.859256900129516,0.31015030640222774,0.3149666520177625,0.38156222008041674,-0.296392309629816,1.0105139610212515,0.15504909354951124,0.11445022087754708,0.18771399893097573,0.4026647764847065,0.39855317065712437,0.9126362628021099
Italy,2050,0.9043931441450215,0.2813425168834913,0.2036667868407449,0.4730466983727961,0.2963723366492701,0.20047675971300571,0.6372924210111899,0.2873429791537295,0.45941222017717287,0.33438015540273636,0.49122094153767426,0.373673789992055,0.5353676920329002,0.2749639413786218,0.11754818405805878,0.4329606407934323,0.6678039416349488,0.5624444196628495,0.7215998963473496,0.8013039525831616,0.4269888908768893,0.5823704816697024,0.46730069751947934,0.35211693726927684,0.4756534909562615,0.5550129633098346,0.9034538085220989,0.5119482193984783,0.37129830931439134,0.3706012748072237,0.9355129346029045,0.3134519122545405,0.29352519086038953,0.3593156524457157,-0.39167271018360594,1.0320734777421574,0.13627821434796328,0.05857823064624412,0.16994705908353236,0.40224724029028125,0.4035729097768137,0.9622307053944716
